contract_type,symbol,description,strike,expiration_date,mark,bid,bid_size,ask,ask_size,last,last_size,open_interest,total_volume,delta,gamma,theta,vega,rho,volatility,theoretical_volatility,theoretical_option_value,intrinsic_value,extrinsic_value,underlying_price
CALL,SPXW  260406C02600000,SPXW 04/06/2026 2600.00 C,2600.0,2026-04-06,4008.1,3998.6,1,4017.6,1,0.0,0,0,0,1.0,0.0,0.131,0.002,0.365,212.075,29.0,4007.341,4008.1,-4008.1,6608.1
CALL,SPXW  260406C02800000,SPXW 04/06/2026 2800.00 C,2800.0,2026-04-06,3807.35,3797.1,2,3817.6,1,0.0,0,2,0,1.0,0.0,0.131,0.002,0.393,195.733,29.0,3807.342,3808.1,-3808.1,6608.1
CALL,SPXW  260406C03000000,SPXW 04/06/2026 3000.00 C,3000.0,2026-04-06,3606.25,3597.2,2,3615.3,1,0.0,0,0,0,1.0,0.0,0.13,0.002,0.421,180.708,29.0,3607.343,3608.1,-3608.1,6608.1
CALL,SPXW  260406C03200000,SPXW 04/06/2026 3200.00 C,3200.0,2026-04-06,3407.15,3397.4,1,3416.9,1,0.0,0,0,0,1.0,0.0,0.131,0.002,0.449,166.354,29.0,3407.344,3408.1,-3408.1,6608.1
CALL,SPXW  260406C03400000,SPXW 04/06/2026 3400.00 C,3400.0,2026-04-06,3207.45,3197.8,1,3217.1,1,0.0,0,0,0,1.0,0.0,0.13,0.003,0.477,152.942,29.0,3207.345,3208.1,-3208.1,6608.1
CALL,SPXW  260406C03600000,SPXW 04/06/2026 3600.00 C,3600.0,2026-04-06,3007.55,2997.9,1,3017.2,1,0.0,0,0,0,1.0,0.0,0.13,0.003,0.505,140.426,29.0,3007.346,3008.1,-3008.1,6608.1
CALL,SPXW  260406C03800000,SPXW 04/06/2026 3800.00 C,3800.0,2026-04-06,2806.9,2797.8,1,2816.0,1,0.0,0,0,0,1.0,0.0,0.13,0.003,0.534,128.437,29.0,2807.347,2808.1,-2808.1,6608.1
CALL,SPXW  260406C04000000,SPXW 04/06/2026 4000.00 C,4000.0,2026-04-06,2607.05,2598.0,1,2616.1,1,2619.88,1,1,0,1.0,0.0,0.13,0.003,0.562,116.956,29.0,2607.348,2608.1,11.78,6608.1
CALL,SPXW  260406C04200000,SPXW 04/06/2026 4200.00 C,4200.0,2026-04-06,2407.2,2398.2,1,2416.2,1,0.0,0,0,0,1.0,0.0,0.13,0.004,0.59,106.076,29.0,2407.349,2408.1,-2408.1,6608.1
CALL,SPXW  260406C04400000,SPXW 04/06/2026 4400.00 C,4400.0,2026-04-06,2207.2,2198.3,1,2216.1,1,0.0,0,0,0,1.0,0.0,0.13,0.004,0.618,95.769,29.0,2207.35,2208.1,-2208.1,6608.1
CALL,SPXW  260406C04600000,SPXW 04/06/2026 4600.00 C,4600.0,2026-04-06,2007.25,1998.1,2,2016.4,1,0.0,0,0,0,1.0,0.0,0.13,0.005,0.646,85.742,29.0,2007.351,2008.1,-2008.1,6608.1
CALL,SPXW  260406C04800000,SPXW 04/06/2026 4800.00 C,4800.0,2026-04-06,1807.3,1798.3,1,1816.3,1,1572.5,27,107,0,1.0,0.0,0.13,0.005,0.674,76.173,29.0,1807.352,1808.1,-235.6,6608.1
CALL,SPXW  260406C05000000,SPXW 04/06/2026 5000.00 C,5000.0,2026-04-06,1608.2,1598.4,1,1618.0,1,0.0,0,0,0,1.0,0.0,0.129,0.006,0.702,67.003,29.0,1607.353,1608.1,-1608.1,6608.1
CALL,SPXW  260406C05100000,SPXW 04/06/2026 5100.00 C,5100.0,2026-04-06,1508.65,1498.5,1,1518.8,1,0.0,0,0,0,1.0,0.0,0.129,0.006,0.716,62.469,29.0,1507.354,1508.1,-1508.1,6608.1
CALL,SPXW  260406C05200000,SPXW 04/06/2026 5200.00 C,5200.0,2026-04-06,1407.7,1398.6,1,1416.8,1,1617.36,1,1,0,0.999,0.0,0.091,0.016,0.73,62.806,29.0,1407.404,1408.1,209.26,6608.1
CALL,SPXW  260406C05300000,SPXW 04/06/2026 5300.00 C,5300.0,2026-04-06,1307.75,1298.9,1,1316.6,1,1274.76,17,0,17,0.999,0.0,0.091,0.017,0.744,58.136,29.0,1307.405,1308.1,-33.34,6608.1
CALL,SPXW  260406C05400000,SPXW 04/06/2026 5400.00 C,5400.0,2026-04-06,1208.0,1199.0,1,1217.0,1,1192.83,1,0,2,0.999,0.0,0.055,0.027,0.757,55.786,29.0,1207.455,1208.1,-15.27,6608.1
CALL,SPXW  260406C05475000,SPXW 04/06/2026 5475.00 C,5475.0,2026-04-06,1133.75,1124.1,1,1143.4,1,0.0,0,0,0,0.998,0.0,0.021,0.037,0.768,53.792,29.0,1132.506,1133.1,-1133.1,6608.1
CALL,SPXW  260406C05500000,SPXW 04/06/2026 5500.00 C,5500.0,2026-04-06,1109.05,1098.8,2,1119.3,1,0.0,0,0,0,0.998,0.0,0.004,0.041,0.771,53.225,29.0,1107.531,1108.1,-1108.1,6608.1
CALL,SPXW  260406C05525000,SPXW 04/06/2026 5525.00 C,5525.0,2026-04-06,1083.2,1074.2,1,1092.2,1,1052.92,1,0,2,0.998,0.0,0.004,0.042,0.774,52.017,29.0,1082.531,1083.1,-30.18,6608.1
CALL,SPXW  260406C05550000,SPXW 04/06/2026 5550.00 C,5550.0,2026-04-06,1058.2,1049.2,1,1067.2,1,0.0,0,0,0,0.998,0.0,-0.013,0.047,0.778,51.364,29.0,1057.556,1058.1,-1058.1,6608.1
CALL,SPXW  260406C05575000,SPXW 04/06/2026 5575.00 C,5575.0,2026-04-06,1033.1,1024.0,1,1042.2,1,0.0,0,0,0,0.998,0.0,-0.029,0.052,0.781,50.647,29.0,1032.581,1033.1,-1033.1,6608.1
CALL,SPXW  260406C05600000,SPXW 04/06/2026 5600.00 C,5600.0,2026-04-06,1008.05,999.1,1,1017.0,1,0.0,0,0,0,0.997,0.0,-0.061,0.061,0.784,50.3,29.0,1007.631,1008.1,-1008.1,6608.1
CALL,SPXW  260406C05625000,SPXW 04/06/2026 5625.00 C,5625.0,2026-04-06,983.8,974.3,1,993.3,1,0.0,0,0,0,0.997,0.0,-0.061,0.062,0.787,49.067,29.0,982.631,983.1,-983.1,6608.1
CALL,SPXW  260406C05650000,SPXW 04/06/2026 5650.00 C,5650.0,2026-04-06,958.4,949.4,1,967.4,1,0.0,0,0,0,0.997,0.0,-0.092,0.072,0.791,48.576,29.0,957.682,958.1,-958.1,6608.1
CALL,SPXW  260406C05675000,SPXW 04/06/2026 5675.00 C,5675.0,2026-04-06,934.05,925.7,1,942.4,1,0.0,0,0,0,0.996,0.0,-0.123,0.081,0.794,47.978,29.0,932.732,933.1,-933.1,6608.1
CALL,SPXW  260406C05700000,SPXW 04/06/2026 5700.00 C,5700.0,2026-04-06,908.3,899.5,1,917.1,1,0.0,0,0,0,0.996,0.0,-0.123,0.083,0.797,46.723,29.0,907.732,908.1,-908.1,6608.1
CALL,SPXW  260406C05725000,SPXW 04/06/2026 5725.00 C,5725.0,2026-04-06,884.6,874.5,1,894.7,1,0.0,0,0,0,0.996,0.0,-0.153,0.092,0.8,46.036,29.0,882.782,883.1,-883.1,6608.1
CALL,SPXW  260406C05750000,SPXW 04/06/2026 5750.00 C,5750.0,2026-04-06,859.45,849.3,1,869.6,1,0.0,0,0,0,0.995,0.0,-0.182,0.102,0.803,45.283,29.0,857.832,858.1,-858.1,6608.1
CALL,SPXW  260406C05775000,SPXW 04/06/2026 5775.00 C,5775.0,2026-04-06,834.65,824.4,1,844.9,1,0.0,0,0,0,0.995,0.0,-0.211,0.112,0.806,44.474,29.0,832.882,833.1,-833.1,6608.1
CALL,SPXW  260406C05800000,SPXW 04/06/2026 5800.00 C,5800.0,2026-04-06,808.4,799.5,1,817.3,1,0.0,0,0,0,0.994,0.0,-0.24,0.122,0.809,43.617,29.0,807.932,808.1,-808.1,6608.1
CALL,SPXW  260406C05825000,SPXW 04/06/2026 5825.00 C,5825.0,2026-04-06,785.05,776.1,1,794.0,1,675.76,1,1,0,0.994,0.0,-0.268,0.132,0.812,42.719,29.0,782.983,783.1,-107.34,6608.1
CALL,SPXW  260406C05840000,SPXW 04/06/2026 5840.00 C,5840.0,2026-04-06,770.55,761.1,1,780.0,1,0.0,0,0,0,0.994,0.0,-0.267,0.134,0.814,41.937,29.0,767.982,768.1,-768.1,6608.1
CALL,SPXW  260406C05850000,SPXW 04/06/2026 5850.00 C,5850.0,2026-04-06,759.5,749.9,1,769.1,1,0.0,0,0,0,0.993,0.0,-0.295,0.143,0.815,41.778,29.0,758.032,758.1,-758.1,6608.1
CALL,SPXW  260406C05860000,SPXW 04/06/2026 5860.00 C,5860.0,2026-04-06,750.0,741.2,1,758.8,1,716.01,1,0,1,0.993,0.0,-0.294,0.144,0.817,41.256,29.0,748.032,748.1,-32.09,6608.1
CALL,SPXW  260406C05870000,SPXW 04/06/2026 5870.00 C,5870.0,2026-04-06,740.8,731.2,1,750.4,1,0.0,0,0,0,0.993,0.0,-0.336,0.157,0.818,41.23,29.0,738.108,738.1,-738.1,6608.1
CALL,SPXW  260406C05875000,SPXW 04/06/2026 5875.00 C,5875.0,2026-04-06,734.95,724.9,1,745.0,1,0.0,0,0,0,0.993,0.0,-0.321,0.154,0.818,40.806,29.0,733.083,733.1,-733.1,6608.1
CALL,SPXW  260406C05880000,SPXW 04/06/2026 5880.00 C,5880.0,2026-04-06,728.95,720.0,1,737.9,1,0.0,0,0,0,0.993,0.0,-0.321,0.155,0.819,40.544,29.0,728.083,728.1,-728.1,6608.1
CALL,SPXW  260406C05890000,SPXW 04/06/2026 5890.00 C,5890.0,2026-04-06,719.95,709.7,1,730.2,1,0.0,0,0,0,0.992,0.0,-0.348,0.164,0.82,40.331,29.0,718.133,718.1,-718.1,6608.1
CALL,SPXW  260406C05900000,SPXW 04/06/2026 5900.00 C,5900.0,2026-04-06,710.6,701.3,1,719.9,1,535.63,1,1,0,0.992,0.0,-0.347,0.165,0.821,39.804,29.0,708.133,708.1,-172.47,6608.1
CALL,SPXW  260406C05910000,SPXW 04/06/2026 5910.00 C,5910.0,2026-04-06,699.05,690.1,1,708.0,1,0.0,0,0,0,0.992,0.0,-0.374,0.174,0.822,39.569,29.0,698.183,698.1,-698.1,6608.1
CALL,SPXW  260406C05920000,SPXW 04/06/2026 5920.00 C,5920.0,2026-04-06,689.55,681.4,1,697.7,1,0.0,0,0,0,0.991,0.0,-0.401,0.184,0.823,39.316,29.0,688.233,688.1,-688.1,6608.1
CALL,SPXW  260406C05925000,SPXW 04/06/2026 5925.00 C,5925.0,2026-04-06,684.2,674.9,1,693.5,1,456.8,1,1,0,0.991,0.0,-0.4,0.185,0.824,39.05,29.0,683.233,683.1,-226.3,6608.1
CALL,SPXW  260406C05930000,SPXW 04/06/2026 5930.00 C,5930.0,2026-04-06,679.0,670.0,1,688.0,1,0.0,0,0,0,0.991,0.0,-0.4,0.186,0.825,38.783,29.0,678.233,678.1,-678.1,6608.1
CALL,SPXW  260406C05940000,SPXW 04/06/2026 5940.00 C,5940.0,2026-04-06,670.15,659.9,1,680.4,1,0.0,0,0,0,0.991,0.0,-0.426,0.195,0.825,38.511,29.0,668.283,668.1,-668.1,6608.1
CALL,SPXW  260406C05950000,SPXW 04/06/2026 5950.00 C,5950.0,2026-04-06,659.5,650.0,1,669.0,25,632.65,3,12,12,0.99,0.0,-0.451,0.204,0.826,38.225,29.0,658.333,658.1,-25.45,6608.1
CALL,SPXW  260406C05960000,SPXW 04/06/2026 5960.00 C,5960.0,2026-04-06,650.6,640.0,1,661.2,1,0.0,0,0,0,0.99,0.0,-0.464,0.21,0.827,37.807,29.0,648.358,648.1,-648.1,6608.1
CALL,SPXW  260406C05970000,SPXW 04/06/2026 5970.00 C,5970.0,2026-04-06,639.9,631.6,1,648.2,1,0.0,0,0,0,0.989,0.0,-0.476,0.216,0.829,37.384,29.0,638.383,638.1,-638.1,6608.1
CALL,SPXW  260406C05975000,SPXW 04/06/2026 5975.00 C,5975.0,2026-04-06,635.05,625.1,1,645.0,1,0.0,0,0,0,0.989,0.0,-0.501,0.224,0.829,37.34,29.0,633.433,633.1,-633.1,6608.1
CALL,SPXW  260406C05980000,SPXW 04/06/2026 5980.00 C,5980.0,2026-04-06,630.7,620.3,1,641.1,1,0.0,0,0,0,0.989,0.0,-0.501,0.225,0.829,37.068,29.0,628.433,628.1,-628.1,6608.1
CALL,SPXW  260406C05985000,SPXW 04/06/2026 5985.00 C,5985.0,2026-04-06,626.1,616.6,1,635.6,1,0.0,0,0,0,0.989,0.0,-0.513,0.23,0.83,36.906,29.0,623.458,623.1,-623.1,6608.1
CALL,SPXW  260406C05990000,SPXW 04/06/2026 5990.00 C,5990.0,2026-04-06,620.35,610.1,1,630.6,1,0.0,0,0,0,0.988,0.0,-0.525,0.235,0.83,36.74,29.0,618.483,618.1,-618.1,6608.1
CALL,SPXW  260406C05995000,SPXW 04/06/2026 5995.00 C,5995.0,2026-04-06,615.45,605.2,1,625.7,1,595.25,1,0,3,0.988,0.0,-0.537,0.24,0.831,36.572,29.0,613.508,613.1,-17.85,6608.1
CALL,SPXW  260406C06000000,SPXW 04/06/2026 6000.00 C,6000.0,2026-04-06,608.95,600.4,1,617.5,25,590.35,1,0,3,0.988,0.0,-0.55,0.245,0.831,36.401,29.0,608.533,608.1,-17.75,6608.1
CALL,SPXW  260406C06005000,SPXW 04/06/2026 6005.00 C,6005.0,2026-04-06,605.55,595.5,1,615.6,1,0.0,0,0,0,0.988,0.0,-0.562,0.25,0.832,36.228,29.0,603.558,603.1,-603.1,6608.1
CALL,SPXW  260406C06010000,SPXW 04/06/2026 6010.00 C,6010.0,2026-04-06,599.35,590.3,1,608.4,1,397.46,1,1,0,0.987,0.0,-0.573,0.255,0.832,36.052,29.0,598.583,598.1,-200.64,6608.1
CALL,SPXW  260406C06015000,SPXW 04/06/2026 6015.00 C,6015.0,2026-04-06,594.45,585.4,1,603.5,1,0.0,0,0,0,0.987,0.0,-0.585,0.26,0.833,35.874,29.0,593.608,593.1,-593.1,6608.1
CALL,SPXW  260406C06020000,SPXW 04/06/2026 6020.00 C,6020.0,2026-04-06,590.55,580.3,1,600.8,1,0.0,0,0,0,0.987,0.0,-0.597,0.265,0.833,35.693,29.0,588.633,588.1,-588.1,6608.1
CALL,SPXW  260406C06025000,SPXW 04/06/2026 6025.00 C,6025.0,2026-04-06,585.7,575.6,1,595.8,1,477.24,1,1,0,0.986,0.0,-0.609,0.27,0.833,35.509,29.0,583.658,583.1,-105.86,6608.1
CALL,SPXW  260406C06030000,SPXW 04/06/2026 6030.00 C,6030.0,2026-04-06,581.3,570.4,1,592.2,1,0.0,0,0,0,0.986,0.0,-0.62,0.275,0.834,35.324,29.0,578.683,578.1,-578.1,6608.1
CALL,SPXW  260406C06035000,SPXW 04/06/2026 6035.00 C,6035.0,2026-04-06,574.65,565.3,2,584.0,1,0.0,0,0,0,0.986,0.0,-0.644,0.283,0.834,35.225,29.0,573.733,573.1,-573.1,6608.1
CALL,SPXW  260406C06040000,SPXW 04/06/2026 6040.00 C,6040.0,2026-04-06,569.45,560.4,1,578.5,1,0.0,0,0,0,0.986,0.0,-0.644,0.285,0.835,34.946,29.0,568.733,568.1,-568.1,6608.1
CALL,SPXW  260406C06045000,SPXW 04/06/2026 6045.00 C,6045.0,2026-04-06,564.5,555.5,1,573.5,1,0.0,0,0,0,0.985,0.0,-0.667,0.293,0.835,34.839,29.0,563.783,563.1,-563.1,6608.1
CALL,SPXW  260406C06050000,SPXW 04/06/2026 6050.00 C,6050.0,2026-04-06,561.35,552.0,1,570.7,1,339.2,3,3,0,0.985,0.0,-0.666,0.295,0.836,34.559,29.0,558.783,558.1,-218.9,6608.1
CALL,SPXW  260406C06055000,SPXW 04/06/2026 6055.00 C,6055.0,2026-04-06,555.25,545.8,1,564.7,1,0.0,0,0,0,0.984,0.0,-0.69,0.304,0.836,34.446,29.0,553.833,553.1,-553.1,6608.1
CALL,SPXW  260406C06060000,SPXW 04/06/2026 6060.00 C,6060.0,2026-04-06,551.5,540.6,1,562.4,1,0.0,0,0,0,0.984,0.0,-0.713,0.312,0.836,34.326,29.0,548.884,548.1,-548.1,6608.1
CALL,SPXW  260406C06065000,SPXW 04/06/2026 6065.00 C,6065.0,2026-04-06,545.1,535.5,2,554.7,1,0.0,0,0,0,0.984,0.0,-0.712,0.314,0.837,34.044,29.0,543.884,543.1,-543.1,6608.1
CALL,SPXW  260406C06070000,SPXW 04/06/2026 6070.00 C,6070.0,2026-04-06,540.85,530.6,1,551.1,1,510.53,1,0,1,0.983,0.0,-0.735,0.323,0.837,33.918,29.0,538.934,538.1,-27.57,6608.1
CALL,SPXW  260406C06075000,SPXW 04/06/2026 6075.00 C,6075.0,2026-04-06,536.4,527.2,1,545.6,1,328.95,2,2,0,0.983,0.0,-0.757,0.332,0.837,33.787,29.0,533.984,533.1,-204.15,6608.1
CALL,SPXW  260406C06080000,SPXW 04/06/2026 6080.00 C,6080.0,2026-04-06,531.3,521.4,25,541.2,1,516.98,2,0,5,0.982,0.0,-0.78,0.34,0.837,33.651,29.0,529.034,528.1,-11.12,6608.1
CALL,SPXW  260406C06085000,SPXW 04/06/2026 6085.00 C,6085.0,2026-04-06,526.35,515.8,1,536.9,1,0.0,0,0,0,0.982,0.0,-0.778,0.343,0.838,33.366,29.0,524.034,523.1,-523.1,6608.1
CALL,SPXW  260406C06090000,SPXW 04/06/2026 6090.00 C,6090.0,2026-04-06,521.05,510.8,1,531.3,1,0.0,0,0,0,0.982,0.0,-0.801,0.351,0.838,33.224,29.0,519.084,518.1,-518.1,6608.1
CALL,SPXW  260406C06095000,SPXW 04/06/2026 6095.00 C,6095.0,2026-04-06,516.15,505.9,2,526.4,1,0.0,0,0,0,0.981,0.0,-0.823,0.36,0.838,33.078,29.0,514.134,513.1,-513.1,6608.1
CALL,SPXW  260406C06100000,SPXW 04/06/2026 6100.00 C,6100.0,2026-04-06,509.95,501.0,1,518.9,1,471.38,1,4,1,0.981,0.0,-0.844,0.369,0.838,32.927,29.0,509.184,508.1,-36.72,6608.1
CALL,SPXW  260406C06105000,SPXW 04/06/2026 6105.00 C,6105.0,2026-04-06,506.7,497.5,1,515.9,1,0.0,0,0,0,0.98,0.0,-0.866,0.378,0.839,32.772,29.0,504.234,503.1,-503.1,6608.1
CALL,SPXW  260406C06110000,SPXW 04/06/2026 6110.00 C,6110.0,2026-04-06,501.0,491.1,1,510.9,2,296.78,1,1,0,0.98,0.0,-0.876,0.384,0.839,32.548,29.0,499.259,498.1,-201.32,6608.1
CALL,SPXW  260406C06115000,SPXW 04/06/2026 6115.00 C,6115.0,2026-04-06,496.8,487.6,1,506.0,2,0.0,0,0,0,0.979,0.0,-0.897,0.392,0.839,32.386,29.0,494.309,493.1,-493.1,6608.1
CALL,SPXW  260406C06120000,SPXW 04/06/2026 6120.00 C,6120.0,2026-04-06,491.5,482.6,1,500.4,1,295.66,1,3,0,0.979,0.0,-0.907,0.398,0.839,32.158,29.0,489.334,488.1,-192.44,6608.1
CALL,SPXW  260406C06125000,SPXW 04/06/2026 6125.00 C,6125.0,2026-04-06,486.6,477.7,1,495.5,1,285.55,1,2,0,0.978,0.0,-0.928,0.407,0.84,31.991,29.0,484.384,483.1,-197.55,6608.1
CALL,SPXW  260406C06130000,SPXW 04/06/2026 6130.00 C,6130.0,2026-04-06,480.9,471.3,1,490.5,1,281.15,1,1,0,0.978,0.0,-0.948,0.416,0.84,31.819,29.0,479.434,478.1,-196.95,6608.1
CALL,SPXW  260406C06135000,SPXW 04/06/2026 6135.00 C,6135.0,2026-04-06,475.95,466.3,1,485.6,1,0.0,0,0,0,0.977,0.0,-0.98,0.429,0.84,31.703,29.0,474.509,473.1,-473.1,6608.1
CALL,SPXW  260406C06140000,SPXW 04/06/2026 6140.00 C,6140.0,2026-04-06,472.05,462.8,1,481.3,1,0.0,0,0,0,0.976,0.0,-1.011,0.441,0.84,31.581,29.0,469.584,468.1,-468.1,6608.1
CALL,SPXW  260406C06145000,SPXW 04/06/2026 6145.00 C,6145.0,2026-04-06,466.8,457.9,1,475.7,1,0.0,0,0,0,0.975,0.0,-1.031,0.45,0.84,31.396,29.0,464.634,463.1,-463.1,6608.1
CALL,SPXW  260406C06150000,SPXW 04/06/2026 6150.00 C,6150.0,2026-04-06,461.2,451.6,1,470.8,1,308.86,1,28,0,0.975,0.0,-1.051,0.459,0.84,31.209,29.0,459.684,458.1,-149.24,6608.1
CALL,SPXW  260406C06155000,SPXW 04/06/2026 6155.00 C,6155.0,2026-04-06,456.75,447.8,1,465.7,1,0.0,0,0,0,0.974,0.0,-1.07,0.469,0.84,31.018,29.0,454.734,453.1,-453.1,6608.1
CALL,SPXW  260406C06160000,SPXW 04/06/2026 6160.00 C,6160.0,2026-04-06,452.2,442.9,1,461.5,2,0.0,0,0,0,0.974,0.0,-1.09,0.478,0.84,30.825,29.0,449.784,448.1,-448.1,6608.1
CALL,SPXW  260406C06165000,SPXW 04/06/2026 6165.00 C,6165.0,2026-04-06,446.0,436.8,1,455.2,1,0.0,0,0,0,0.973,0.0,-1.119,0.491,0.84,30.679,29.0,444.859,443.1,-443.1,6608.1
CALL,SPXW  260406C06170000,SPXW 04/06/2026 6170.00 C,6170.0,2026-04-06,441.45,431.8,1,451.1,1,191.34,3,0,0,0.972,0.0,-1.149,0.503,0.84,30.529,29.0,439.934,438.1,-246.76,6608.1
CALL,SPXW  260406C06175000,SPXW 04/06/2026 6175.00 C,6175.0,2026-04-06,436.9,427.0,1,446.8,2,0.0,0,0,0,0.971,0.0,-1.167,0.513,0.84,30.324,29.0,434.984,433.1,-433.1,6608.1
CALL,SPXW  260406C06180000,SPXW 04/06/2026 6180.00 C,6180.0,2026-04-06,432.6,423.4,1,441.8,1,292.33,3,3,0,0.97,0.0,-1.196,0.525,0.84,30.165,29.0,430.059,428.1,-135.77,6608.1
CALL,SPXW  260406C06185000,SPXW 04/06/2026 6185.00 C,6185.0,2026-04-06,426.95,417.0,1,436.9,2,0.0,0,0,0,0.97,0.0,-1.224,0.538,0.84,30.001,29.0,425.134,423.1,-423.1,6608.1
CALL,SPXW  260406C06190000,SPXW 04/06/2026 6190.00 C,6190.0,2026-04-06,422.05,412.1,1,432.0,2,0.0,0,0,0,0.968,0.0,-1.262,0.553,0.84,29.878,29.0,420.234,418.1,-418.1,6608.1
CALL,SPXW  260406C06195000,SPXW 04/06/2026 6195.00 C,6195.0,2026-04-06,417.2,407.3,1,427.1,2,0.0,0,0,0,0.968,0.0,-1.28,0.563,0.84,29.66,29.0,415.284,413.1,-413.1,6608.1
CALL,SPXW  260406C06200000,SPXW 04/06/2026 6200.00 C,6200.0,2026-04-06,411.9,402.4,1,421.4,1,325.13,1,11,0,0.967,0.0,-1.317,0.579,0.839,29.526,29.0,410.384,408.1,-82.97,6608.1
CALL,SPXW  260406C06205000,SPXW 04/06/2026 6205.00 C,6205.0,2026-04-06,407.6,397.9,1,417.3,1,231.37,1,1,0,0.966,0.0,-1.354,0.595,0.839,29.386,29.0,405.484,403.1,-171.73,6608.1
CALL,SPXW  260406C06210000,SPXW 04/06/2026 6210.00 C,6210.0,2026-04-06,402.4,392.4,1,412.4,1,389.25,1,2,1,0.965,0.0,-1.37,0.605,0.839,29.158,29.0,400.534,398.1,-8.85,6608.1
CALL,SPXW  260406C06215000,SPXW 04/06/2026 6215.00 C,6215.0,2026-04-06,397.45,387.5,1,407.4,1,0.0,0,0,0,0.964,0.0,-1.406,0.621,0.839,29.009,29.0,395.634,393.1,-393.1,6608.1
CALL,SPXW  260406C06220000,SPXW 04/06/2026 6220.00 C,6220.0,2026-04-06,392.6,382.7,1,402.5,1,260.0,3,3,0,0.963,0.0,-1.441,0.636,0.838,28.854,29.0,390.734,388.1,-128.1,6608.1
CALL,SPXW  260406C06225000,SPXW 04/06/2026 6225.00 C,6225.0,2026-04-06,387.3,377.7,1,396.9,1,301.21,2,4,0,0.962,0.0,-1.476,0.652,0.838,28.693,29.0,385.834,383.1,-81.89,6608.1
CALL,SPXW  260406C06230000,SPXW 04/06/2026 6230.00 C,6230.0,2026-04-06,383.6,374.3,1,392.9,2,239.35,1,15,0,0.96,0.0,-1.51,0.668,0.838,28.527,29.0,380.934,378.1,-138.75,6608.1
CALL,SPXW  260406C06235000,SPXW 04/06/2026 6235.00 C,6235.0,2026-04-06,378.0,368.0,1,388.0,2,169.36,98,98,0,0.959,0.0,-1.544,0.684,0.837,28.357,29.0,376.034,373.1,-203.74,6608.1
CALL,SPXW  260406C06240000,SPXW 04/06/2026 6240.00 C,6240.0,2026-04-06,373.45,364.5,1,382.4,1,203.94,1,11,0,0.958,0.0,-1.577,0.7,0.837,28.181,29.0,371.134,368.1,-164.16,6608.1
CALL,SPXW  260406C06245000,SPXW 04/06/2026 6245.00 C,6245.0,2026-04-06,368.25,358.3,1,378.2,2,199.97,1,4,0,0.956,0.0,-1.629,0.721,0.836,28.07,29.0,366.284,363.1,-163.13,6608.1
CALL,SPXW  260406C06250000,SPXW 04/06/2026 6250.00 C,6250.0,2026-04-06,363.25,353.3,1,373.2,3,277.64,1,36,0,0.955,0.0,-1.661,0.737,0.836,27.883,29.0,361.384,358.1,-80.46,6608.1
CALL,SPXW  260406C06255000,SPXW 04/06/2026 6255.00 C,6255.0,2026-04-06,358.5,348.2,3,368.8,2,176.91,2,2,0,0.954,0.0,-1.692,0.754,0.835,27.692,29.0,356.485,353.1,-176.19,6608.1
CALL,SPXW  260406C06260000,SPXW 04/06/2026 6260.00 C,6260.0,2026-04-06,354.2,345.0,1,363.4,1,261.38,4,9,0,0.952,0.0,-1.741,0.775,0.834,27.562,29.0,351.635,348.1,-86.72,6608.1
CALL,SPXW  260406C06265000,SPXW 04/06/2026 6265.00 C,6265.0,2026-04-06,348.7,338.8,3,358.6,1,189.79,1,11,0,0.951,0.0,-1.771,0.791,0.834,27.361,29.0,346.735,343.1,-153.31,6608.1
CALL,SPXW  260406C06270000,SPXW 04/06/2026 6270.00 C,6270.0,2026-04-06,344.75,335.3,1,354.2,2,260.38,3,3,0,0.949,0.0,-1.819,0.813,0.833,27.218,29.0,341.885,338.1,-77.72,6608.1
CALL,SPXW  260406C06275000,SPXW 04/06/2026 6275.00 C,6275.0,2026-04-06,339.7,330.4,1,349.0,1,259.95,1,6,0,0.948,0.001,-1.865,0.834,0.832,27.068,29.0,337.035,333.1,-73.15,6608.1
CALL,SPXW  260406C06280000,SPXW 04/06/2026 6280.00 C,6280.0,2026-04-06,335.05,325.6,1,344.5,2,328.09,60,77,60,0.946,0.001,-1.911,0.856,0.831,26.911,29.0,332.185,328.1,-0.01,6608.1
CALL,SPXW  260406C06285000,SPXW 04/06/2026 6285.00 C,6285.0,2026-04-06,329.85,320.0,26,339.7,2,290.75,3,17,3,0.944,0.001,-1.955,0.877,0.83,26.748,29.0,327.335,323.1,-32.35,6608.1
CALL,SPXW  260406C06290000,SPXW 04/06/2026 6290.00 C,6290.0,2026-04-06,324.1,314.5,1,333.7,1,311.01,4,10,11,0.943,0.001,-1.999,0.899,0.829,26.579,29.0,322.485,318.1,-7.09,6608.1
CALL,SPXW  260406C06295000,SPXW 04/06/2026 6295.00 C,6295.0,2026-04-06,319.85,309.7,1,330.0,2,286.96,1,6,2,0.941,0.001,-2.058,0.925,0.828,26.458,29.0,317.685,313.1,-26.14,6608.1
CALL,SPXW  260406C06300000,SPXW 04/06/2026 6300.00 C,6300.0,2026-04-06,314.75,304.8,1,324.7,1,300.25,3,69,8,0.939,0.001,-2.1,0.947,0.827,26.276,29.0,312.835,308.1,-7.85,6608.1
CALL,SPXW  260406C06305000,SPXW 04/06/2026 6305.00 C,6305.0,2026-04-06,310.15,299.9,1,320.4,1,212.19,1,3,0,0.937,0.001,-2.157,0.973,0.826,26.14,29.0,308.035,303.1,-90.91,6608.1
CALL,SPXW  260406C06310000,SPXW 04/06/2026 6310.00 C,6310.0,2026-04-06,305.45,295.3,1,315.6,1,291.83,2,17,2,0.934,0.001,-2.213,0.999,0.825,25.996,29.0,303.235,298.1,-6.27,6608.1
CALL,SPXW  260406C06315000,SPXW 04/06/2026 6315.00 C,6315.0,2026-04-06,301.15,291.8,1,310.5,1,160.56,3,6,0,0.932,0.001,-2.267,1.025,0.823,25.844,29.0,298.435,293.1,-132.54,6608.1
CALL,SPXW  260406C06320000,SPXW 04/06/2026 6320.00 C,6320.0,2026-04-06,294.25,286.3,26,302.2,26,263.91,9,49,30,0.93,0.001,-2.32,1.051,0.822,25.685,29.0,293.635,288.1,-24.19,6608.1
CALL,SPXW  260406C06325000,SPXW 04/06/2026 6325.00 C,6325.0,2026-04-06,291.5,282.2,1,300.8,1,274.31,1,72,5,0.928,0.001,-2.372,1.077,0.82,25.519,29.0,288.835,283.1,-8.79,6608.1
CALL,SPXW  260406C06330000,SPXW 04/06/2026 6330.00 C,6330.0,2026-04-06,286.95,277.4,1,296.5,2,264.26,1,106,1,0.925,0.001,-2.423,1.103,0.819,25.346,29.0,284.035,278.1,-13.84,6608.1
CALL,SPXW  260406C06335000,SPXW 04/06/2026 6335.00 C,6335.0,2026-04-06,280.5,271.4,1,289.6,1,128.3,1,33,0,0.923,0.001,-2.487,1.134,0.817,25.211,29.0,279.285,273.1,-144.8,6608.1
CALL,SPXW  260406C06340000,SPXW 04/06/2026 6340.00 C,6340.0,2026-04-06,276.2,266.6,1,285.8,1,245.47,1,144,1,0.92,0.001,-2.549,1.164,0.815,25.067,29.0,274.535,268.1,-22.63,6608.1
CALL,SPXW  260406C06345000,SPXW 04/06/2026 6345.00 C,6345.0,2026-04-06,271.65,263.2,1,280.1,1,179.06,1,66,0,0.917,0.001,-2.61,1.194,0.813,24.915,29.0,269.785,263.1,-84.04,6608.1
CALL,SPXW  260406C06350000,SPXW 04/06/2026 6350.00 C,6350.0,2026-04-06,267.9,258.4,1,277.4,1,245.91,1,105,2,0.914,0.001,-2.669,1.224,0.811,24.754,29.0,265.035,258.1,-12.19,6608.1
CALL,SPXW  260406C06355000,SPXW 04/06/2026 6355.00 C,6355.0,2026-04-06,262.65,253.7,1,271.6,1,227.6,1,61,2,0.911,0.001,-2.741,1.258,0.809,24.626,29.0,260.335,253.1,-25.5,6608.1
CALL,SPXW  260406C06360000,SPXW 04/06/2026 6360.00 C,6360.0,2026-04-06,257.95,249.0,1,266.9,1,227.79,1,87,4,0.908,0.001,-2.796,1.288,0.807,24.45,29.0,255.585,248.1,-20.31,6608.1
CALL,SPXW  260406C06365000,SPXW 04/06/2026 6365.00 C,6365.0,2026-04-06,253.1,242.9,3,263.3,1,248.54,1,45,1,0.905,0.001,-2.864,1.321,0.805,24.304,29.0,250.885,243.1,5.44,6608.1
CALL,SPXW  260406C06370000,SPXW 04/06/2026 6370.00 C,6370.0,2026-04-06,247.5,238.3,1,256.7,1,235.55,1,55,5,0.902,0.001,-2.929,1.355,0.802,24.149,29.0,246.185,238.1,-2.55,6608.1
CALL,SPXW  260406C06375000,SPXW 04/06/2026 6375.00 C,6375.0,2026-04-06,244.4,235.2,27,253.6,27,239.02,1,83,10,0.898,0.001,-3.005,1.391,0.8,24.022,29.0,241.535,233.1,5.92,6608.1
CALL,SPXW  260406C06380000,SPXW 04/06/2026 6380.00 C,6380.0,2026-04-06,238.4,229.4,26,247.4,27,233.69,60,122,62,0.895,0.001,-3.066,1.425,0.797,23.849,29.0,236.835,228.1,5.59,6608.1
CALL,SPXW  260406C06385000,SPXW 04/06/2026 6385.00 C,6385.0,2026-04-06,233.6,224.5,1,242.7,2,218.96,1,141,2,0.891,0.001,-3.137,1.461,0.794,23.703,29.0,232.185,223.1,-4.14,6608.1
CALL,SPXW  260406C06390000,SPXW 04/06/2026 6390.00 C,6390.0,2026-04-06,229.25,220.3,26,238.2,27,200.18,2,106,9,0.887,0.001,-3.206,1.498,0.791,23.547,29.0,227.535,218.1,-17.92,6608.1
CALL,SPXW  260406C06395000,SPXW 04/06/2026 6395.00 C,6395.0,2026-04-06,225.25,214.8,1,235.7,1,205.35,1,73,4,0.883,0.001,-3.284,1.537,0.788,23.414,29.0,222.935,213.1,-7.75,6608.1
CALL,SPXW  260406C06400000,SPXW 04/06/2026 6400.00 C,6400.0,2026-04-06,221.5,218.6,6,224.4,8,216.0,1,1118,42,0.879,0.001,-3.348,1.573,0.785,23.239,29.0,218.285,208.1,7.9,6608.1
CALL,SPXW  260406C06405000,SPXW 04/06/2026 6405.00 C,6405.0,2026-04-06,216.85,210.0,1,223.7,1,210.98,1,42,4,0.875,0.001,-3.42,1.612,0.782,23.087,29.0,213.685,203.1,7.88,6608.1
CALL,SPXW  260406C06410000,SPXW 04/06/2026 6410.00 C,6410.0,2026-04-06,211.9,204.9,1,218.9,1,203.16,1,67,8,0.87,0.001,-3.501,1.653,0.778,22.955,29.0,209.135,198.1,5.06,6608.1
CALL,SPXW  260406C06415000,SPXW 04/06/2026 6415.00 C,6415.0,2026-04-06,207.6,200.7,1,214.5,1,197.31,1,88,17,0.866,0.001,-3.568,1.691,0.775,22.783,29.0,204.535,193.1,4.21,6608.1
CALL,SPXW  260406C06420000,SPXW 04/06/2026 6420.00 C,6420.0,2026-04-06,202.6,195.8,1,209.4,1,188.49,1,96,9,0.861,0.001,-3.64,1.732,0.771,22.628,29.0,199.974,188.1,0.39,6608.1
CALL,SPXW  260406C06425000,SPXW 04/06/2026 6425.00 C,6425.0,2026-04-06,198.55,192.0,1,205.1,1,192.7,1,105,20,0.856,0.001,-3.713,1.773,0.767,22.467,29.0,195.435,183.1,9.6,6608.1
CALL,SPXW  260406C06430000,SPXW 04/06/2026 6430.00 C,6430.0,2026-04-06,193.85,187.1,1,200.6,1,177.63,1,152,45,0.851,0.001,-3.792,1.816,0.763,22.321,29.0,190.935,178.1,-0.47,6608.1
CALL,SPXW  260406C06435000,SPXW 04/06/2026 6435.00 C,6435.0,2026-04-06,189.35,182.6,1,196.1,1,183.5,1,88,20,0.846,0.001,-3.866,1.858,0.759,22.164,29.0,186.435,173.1,10.4,6608.1
CALL,SPXW  260406C06440000,SPXW 04/06/2026 6440.00 C,6440.0,2026-04-06,185.0,178.3,1,191.7,1,185.08,1,127,5,0.841,0.001,-3.934,1.9,0.755,21.994,29.0,181.923,168.1,16.98,6608.1
CALL,SPXW  260406C06445000,SPXW 04/06/2026 6445.00 C,6445.0,2026-04-06,179.3,173.7,1,184.9,26,173.14,1,84,34,0.835,0.001,-4.02,1.946,0.75,21.867,29.0,177.523,163.1,10.04,6608.1
CALL,SPXW  260406C06450000,SPXW 04/06/2026 6450.00 C,6450.0,2026-04-06,176.25,173.4,9,179.1,8,170.67,5,1351,208,0.829,0.001,-4.085,1.988,0.745,21.68,29.0,173.035,158.1,12.57,6608.1
CALL,SPXW  260406C06455000,SPXW 04/06/2026 6455.00 C,6455.0,2026-04-06,170.45,164.9,1,176.0,26,164.95,3,135,39,0.823,0.002,-4.16,2.032,0.74,21.528,29.0,168.624,153.1,11.85,6608.1
CALL,SPXW  260406C06460000,SPXW 04/06/2026 6460.00 C,6460.0,2026-04-06,167.45,164.6,9,170.3,8,162.23,1,472,128,0.817,0.002,-4.232,2.077,0.735,21.365,29.0,164.224,148.1,14.13,6608.1
CALL,SPXW  260406C06465000,SPXW 04/06/2026 6465.00 C,6465.0,2026-04-06,161.65,156.0,2,167.3,26,158.4,6,62,15,0.81,0.002,-4.32,2.125,0.729,21.24,29.0,159.936,143.1,15.3,6608.1
CALL,SPXW  260406C06470000,SPXW 04/06/2026 6470.00 C,6470.0,2026-04-06,158.7,156.0,2,161.4,2,154.76,6,244,37,0.804,0.002,-4.38,2.168,0.724,21.051,29.0,155.522,138.1,16.66,6608.1
CALL,SPXW  260406C06475000,SPXW 04/06/2026 6475.00 C,6475.0,2026-04-06,156.65,153.6,2,159.7,3,149.17,5,365,71,0.796,0.002,-4.455,2.214,0.718,20.898,29.0,151.222,133.1,16.07,6608.1
CALL,SPXW  260406C06480000,SPXW 04/06/2026 6480.00 C,6480.0,2026-04-06,150.35,149.7,2,151.0,16,145.23,1,933,15,0.789,0.002,-4.524,2.26,0.712,20.732,29.0,146.923,128.1,17.13,6608.1
CALL,SPXW  260406C06485000,SPXW 04/06/2026 6485.00 C,6485.0,2026-04-06,146.05,145.4,9,146.7,9,142.01,1,213,134,0.782,0.002,-4.604,2.308,0.705,20.597,29.0,142.724,123.1,18.91,6608.1
CALL,SPXW  260406C06490000,SPXW 04/06/2026 6490.00 C,6490.0,2026-04-06,141.85,141.2,10,142.5,9,137.89,1,246,38,0.774,0.002,-4.677,2.355,0.699,20.448,29.0,138.524,118.1,19.79,6608.1
CALL,SPXW  260406C06495000,SPXW 04/06/2026 6495.00 C,6495.0,2026-04-06,137.7,137.1,10,138.3,10,130.7,8,445,35,0.766,0.002,-4.744,2.401,0.692,20.285,29.0,134.325,113.1,17.6,6608.1
CALL,SPXW  260406C06500000,SPXW 04/06/2026 6500.00 C,6500.0,2026-04-06,133.55,133.0,3,134.1,17,128.29,2,3072,116,0.758,0.002,-4.803,2.446,0.685,20.109,29.0,130.126,108.1,20.19,6608.1
CALL,SPXW  260406C06505000,SPXW 04/06/2026 6505.00 C,6505.0,2026-04-06,129.4,128.8,10,130.0,10,120.39,1,179,32,0.749,0.002,-4.871,2.493,0.677,19.959,29.0,126.026,103.1,17.29,6608.1
CALL,SPXW  260406C06510000,SPXW 04/06/2026 6510.00 C,6510.0,2026-04-06,125.35,124.8,3,125.9,10,119.2,1,405,125,0.74,0.002,-4.932,2.538,0.67,19.794,29.0,121.927,98.1,21.1,6608.1
CALL,SPXW  260406C06515000,SPXW 04/06/2026 6515.00 C,6515.0,2026-04-06,121.3,120.7,10,121.9,10,115.68,1,263,64,0.731,0.002,-4.998,2.584,0.662,19.654,29.0,117.927,93.1,22.58,6608.1
CALL,SPXW  260406C06520000,SPXW 04/06/2026 6520.00 C,6520.0,2026-04-06,117.25,116.7,10,117.8,10,112.45,1,338,124,0.721,0.002,-5.057,2.629,0.654,19.498,29.0,113.928,88.1,24.35,6608.1
CALL,SPXW  260406C06525000,SPXW 04/06/2026 6525.00 C,6525.0,2026-04-06,113.35,112.8,15,113.9,17,107.88,1,2718,336,0.712,0.002,-5.108,2.672,0.645,19.327,29.0,109.936,83.1,24.78,6608.1
CALL,SPXW  260406C06530000,SPXW 04/06/2026 6530.00 C,6530.0,2026-04-06,109.45,108.9,15,110.0,17,104.67,2,723,148,0.702,0.002,-5.162,2.715,0.636,19.177,29.0,106.036,78.1,26.57,6608.1
CALL,SPXW  260406C06535000,SPXW 04/06/2026 6535.00 C,6535.0,2026-04-06,105.45,105.3,5,105.6,3,104.79,2,207,56,0.691,0.002,-5.207,2.757,0.627,19.01,29.0,102.136,73.1,31.69,6608.1
CALL,SPXW  260406C06540000,SPXW 04/06/2026 6540.00 C,6540.0,2026-04-06,101.65,101.5,5,101.8,5,101.53,1,1306,238,0.681,0.002,-5.254,2.798,0.618,18.862,29.0,98.336,68.1,33.43,6608.1
CALL,SPXW  260406C06545000,SPXW 04/06/2026 6545.00 C,6545.0,2026-04-06,97.85,97.7,6,98.0,4,93.93,1,2741,311,0.67,0.002,-5.292,2.837,0.608,18.698,29.0,94.536,63.1,30.83,6608.1
CALL,SPXW  260406C06550000,SPXW 04/06/2026 6550.00 C,6550.0,2026-04-06,94.15,94.0,6,94.3,6,94.1,1,3078,1838,0.658,0.003,-5.331,2.875,0.598,18.55,29.0,90.836,58.1,36.0,6608.1
CALL,SPXW  260406C06555000,SPXW 04/06/2026 6555.00 C,6555.0,2026-04-06,90.45,90.3,7,90.6,5,90.0,1,537,138,0.646,0.003,-5.359,2.911,0.588,18.385,29.0,87.136,53.1,36.9,6608.1
CALL,SPXW  260406C06560000,SPXW 04/06/2026 6560.00 C,6560.0,2026-04-06,86.85,86.7,7,87.0,7,86.75,2,415,258,0.634,0.003,-5.386,2.945,0.577,18.235,29.0,83.534,48.1,38.65,6608.1
CALL,SPXW  260406C06565000,SPXW 04/06/2026 6565.00 C,6565.0,2026-04-06,83.3,83.2,6,83.4,8,80.3,6,327,524,0.622,0.003,-5.408,2.977,0.566,18.083,29.0,79.984,43.1,37.2,6608.1
CALL,SPXW  260406C06570000,SPXW 04/06/2026 6570.00 C,6570.0,2026-04-06,79.8,79.7,6,79.9,8,80.57,10,2612,762,0.609,0.003,-5.423,3.006,0.555,17.928,29.0,76.486,38.1,42.47,6608.1
CALL,SPXW  260406C06575000,SPXW 04/06/2026 6575.00 C,6575.0,2026-04-06,76.35,76.2,8,76.5,8,73.48,1,956,1661,0.596,0.003,-5.427,3.032,0.543,17.766,29.0,73.009,33.1,40.38,6608.1
CALL,SPXW  260406C06580000,SPXW 04/06/2026 6580.00 C,6580.0,2026-04-06,72.95,72.8,9,73.1,9,69.82,2,1000,973,0.583,0.003,-5.427,3.056,0.531,17.606,29.0,69.615,28.1,41.72,6608.1
CALL,SPXW  260406C06585000,SPXW 04/06/2026 6585.00 C,6585.0,2026-04-06,69.65,69.5,9,69.8,9,69.9,1,231,292,0.569,0.003,-5.423,3.077,0.519,17.456,29.0,66.315,23.1,46.8,6608.1
CALL,SPXW  260406C06590000,SPXW 04/06/2026 6590.00 C,6590.0,2026-04-06,66.4,66.3,7,66.5,7,63.71,1,738,776,0.555,0.003,-5.41,3.094,0.506,17.301,29.0,63.065,18.1,45.61,6608.1
CALL,SPXW  260406C06595000,SPXW 04/06/2026 6595.00 C,6595.0,2026-04-06,63.2,63.1,7,63.3,13,63.5,1,180,370,0.541,0.003,-5.382,3.107,0.493,17.123,29.0,59.815,13.1,50.4,6608.1
CALL,SPXW  260406C06600000,SPXW 04/06/2026 6600.00 C,6600.0,2026-04-06,60.1,60.0,8,60.2,17,60.3,2,5715,2177,0.526,0.003,-5.355,3.117,0.48,16.97,29.0,56.715,8.1,52.2,6608.1
CALL,SPXW  260406C06605000,SPXW 04/06/2026 6605.00 C,6605.0,2026-04-06,57.05,56.9,14,57.2,17,56.7,3,4398,1232,0.511,0.003,-5.324,3.122,0.467,16.83,29.0,53.737,3.1,53.6,6608.1
CALL,SPXW  260406C06610000,SPXW 04/06/2026 6610.00 C,6610.0,2026-04-06,54.05,53.9,28,54.2,18,54.1,3,404,369,0.496,0.003,-5.272,3.124,0.453,16.659,29.0,50.715,-1.9,56.0,6608.1
CALL,SPXW  260406C06615000,SPXW 04/06/2026 6615.00 C,6615.0,2026-04-06,51.15,51.0,15,51.3,26,50.8,3,246,264,0.482,0.003,-5.563,3.12,0.44,17.578,29.0,51.178,-6.9,57.7,6608.1
CALL,SPXW  260406C06620000,SPXW 04/06/2026 6620.00 C,6620.0,2026-04-06,48.35,48.2,14,48.5,26,47.97,1,572,690,0.467,0.003,-5.497,3.113,0.427,17.412,29.0,48.328,-11.9,59.87,6608.1
CALL,SPXW  260406C06625000,SPXW 04/06/2026 6625.00 C,6625.0,2026-04-06,45.6,45.5,11,45.7,17,43.24,1,653,676,0.452,0.003,-5.425,3.101,0.413,17.254,29.0,45.579,-16.9,60.14,6608.1
CALL,SPXW  260406C06630000,SPXW 04/06/2026 6630.00 C,6630.0,2026-04-06,42.95,42.8,14,43.1,27,43.5,10,517,400,0.437,0.003,-5.347,3.085,0.399,17.102,29.0,42.929,-21.9,65.4,6608.1
CALL,SPXW  260406C06635000,SPXW 04/06/2026 6635.00 C,6635.0,2026-04-06,40.35,40.2,16,40.5,26,40.0,1,711,569,0.421,0.003,-5.257,3.063,0.385,16.941,29.0,40.329,-26.9,66.9,6608.1
CALL,SPXW  260406C06640000,SPXW 04/06/2026 6640.00 C,6640.0,2026-04-06,37.85,37.7,21,38.0,17,37.8,1,623,583,0.406,0.003,-5.167,3.037,0.371,16.806,29.0,37.9,-31.9,69.7,6608.1
CALL,SPXW  260406C06645000,SPXW 04/06/2026 6645.00 C,6645.0,2026-04-06,35.45,35.3,23,35.6,19,35.36,1,505,320,0.39,0.003,-5.064,3.005,0.357,16.658,29.0,35.499,-36.9,72.26,6608.1
CALL,SPXW  260406C06650000,SPXW 04/06/2026 6650.00 C,6650.0,2026-04-06,33.15,33.0,18,33.3,29,33.5,1,1557,1720,0.375,0.003,-4.948,2.968,0.343,16.5,29.0,33.148,-41.9,75.4,6608.1
CALL,SPXW  260406C06655000,SPXW 04/06/2026 6655.00 C,6655.0,2026-04-06,30.9,30.8,14,31.0,21,30.97,6,449,238,0.359,0.003,-4.826,2.926,0.329,16.346,29.0,30.9,-46.9,77.87,6608.1
CALL,SPXW  260406C06660000,SPXW 04/06/2026 6660.00 C,6660.0,2026-04-06,28.8,28.7,10,28.9,26,26.8,1,456,342,0.343,0.003,-4.703,2.879,0.314,16.215,29.0,28.8,-51.9,78.7,6608.1
CALL,SPXW  260406C06665000,SPXW 04/06/2026 6665.00 C,6665.0,2026-04-06,26.7,26.6,18,26.8,23,24.9,1,417,420,0.327,0.003,-4.562,2.826,0.3,16.055,29.0,26.7,-56.9,81.8,6608.1
CALL,SPXW  260406C06670000,SPXW 04/06/2026 6670.00 C,6670.0,2026-04-06,24.75,24.6,29,24.9,35,24.98,3,635,272,0.312,0.003,-4.421,2.769,0.286,15.917,29.0,24.75,-61.9,86.88,6608.1
CALL,SPXW  260406C06675000,SPXW 04/06/2026 6675.00 C,6675.0,2026-04-06,22.9,22.8,12,23.0,37,21.3,1,313,272,0.296,0.003,-4.276,2.707,0.272,15.784,29.0,22.9,-66.9,88.2,6608.1
CALL,SPXW  260406C06680000,SPXW 04/06/2026 6680.00 C,6680.0,2026-04-06,21.1,21.0,17,21.2,32,20.59,10,1687,339,0.281,0.003,-4.119,2.639,0.257,15.639,29.0,21.1,-71.9,92.49,6608.1
CALL,SPXW  260406C06685000,SPXW 04/06/2026 6685.00 C,6685.0,2026-04-06,19.4,19.3,18,19.5,30,19.31,2,1633,312,0.265,0.003,-3.956,2.566,0.243,15.497,29.0,19.393,-76.9,96.21,6608.1
CALL,SPXW  260406C06690000,SPXW 04/06/2026 6690.00 C,6690.0,2026-04-06,17.8,17.7,30,17.9,18,16.6,2,10467,114,0.25,0.003,-3.792,2.489,0.23,15.362,29.0,17.792,-81.9,98.5,6608.1
CALL,SPXW  260406C06695000,SPXW 04/06/2026 6695.00 C,6695.0,2026-04-06,16.3,16.2,35,16.4,15,15.3,7,355,146,0.235,0.003,-3.626,2.408,0.216,15.234,29.0,16.291,-86.9,102.2,6608.1
CALL,SPXW  260406C06700000,SPXW 04/06/2026 6700.00 C,6700.0,2026-04-06,14.9,14.8,42,15.0,30,15.2,1,9967,1425,0.221,0.003,-3.458,2.324,0.203,15.113,29.0,14.891,-91.9,107.1,6608.1
CALL,SPXW  260406C06705000,SPXW 04/06/2026 6705.00 C,6705.0,2026-04-06,13.6,13.5,34,13.7,47,13.6,1,416,890,0.207,0.002,-3.291,2.238,0.19,15.001,29.0,13.59,-96.9,110.5,6608.1
CALL,SPXW  260406C06710000,SPXW 04/06/2026 6710.00 C,6710.0,2026-04-06,12.4,12.3,15,12.5,47,12.4,1,1021,339,0.193,0.002,-3.116,2.147,0.178,14.876,29.0,12.337,-101.9,114.3,6608.1
CALL,SPXW  260406C06715000,SPXW 04/06/2026 6715.00 C,6715.0,2026-04-06,11.2,11.1,43,11.3,44,11.21,1,572,334,0.18,0.002,-2.946,2.055,0.165,14.763,29.0,11.192,-106.9,118.11,6608.1
CALL,SPXW  260406C06720000,SPXW 04/06/2026 6720.00 C,6720.0,2026-04-06,10.1,10.0,48,10.2,21,9.39,3,870,562,0.167,0.002,-2.769,1.958,0.153,14.635,29.0,10.092,-111.9,121.29,6608.1
CALL,SPXW  260406C06725000,SPXW 04/06/2026 6725.00 C,6725.0,2026-04-06,9.15,9.1,16,9.2,21,9.1,1,1076,1433,0.155,0.002,-2.608,1.865,0.142,14.549,29.0,9.142,-116.9,126.0,6608.1
CALL,SPXW  260406C06730000,SPXW 04/06/2026 6730.00 C,6730.0,2026-04-06,8.2,8.1,63,8.3,38,8.0,10,576,689,0.143,0.002,-2.436,1.767,0.131,14.426,29.0,8.2,-121.9,129.9,6608.1
CALL,SPXW  260406C06735000,SPXW 04/06/2026 6735.00 C,6735.0,2026-04-06,7.4,7.3,66,7.5,58,6.7,1,541,253,0.132,0.002,-2.28,1.673,0.121,14.348,29.0,7.392,-126.9,133.6,6608.1
CALL,SPXW  260406C06740000,SPXW 04/06/2026 6740.00 C,6740.0,2026-04-06,6.6,6.5,75,6.7,54,6.6,1,526,1609,0.121,0.002,-2.115,1.575,0.111,14.234,29.0,6.592,-131.9,138.5,6608.1
CALL,SPXW  260406C06745000,SPXW 04/06/2026 6745.00 C,6745.0,2026-04-06,5.9,5.8,81,6.0,67,5.9,1,404,485,0.111,0.002,-1.962,1.48,0.102,14.145,29.0,5.892,-136.9,142.8,6608.1
CALL,SPXW  260406C06750000,SPXW 04/06/2026 6750.00 C,6750.0,2026-04-06,5.25,5.2,85,5.3,1,5.3,1,2520,2456,0.102,0.002,-1.827,1.392,0.094,14.088,29.0,5.3,-141.9,147.2,6608.1
CALL,SPXW  260406C06755000,SPXW 04/06/2026 6755.00 C,6755.0,2026-04-06,4.7,4.6,128,4.8,78,4.7,1,379,179,0.093,0.002,-1.68,1.299,0.085,13.992,29.0,4.7,-146.9,151.6,6608.1
CALL,SPXW  260406C06760000,SPXW 04/06/2026 6760.00 C,6760.0,2026-04-06,4.15,4.1,129,4.2,1,4.15,1,419,362,0.085,0.001,-1.552,1.214,0.078,13.936,29.0,4.2,-151.9,156.05,6608.1
CALL,SPXW  260406C06765000,SPXW 04/06/2026 6765.00 C,6765.0,2026-04-06,3.7,3.6,210,3.8,97,3.7,1,270,358,0.076,0.001,-1.417,1.125,0.07,13.842,29.0,3.7,-156.9,160.6,6608.1
CALL,SPXW  260406C06770000,SPXW 04/06/2026 6770.00 C,6770.0,2026-04-06,3.3,3.2,170,3.4,115,3.3,1,993,660,0.07,0.001,-1.304,1.046,0.064,13.8,29.0,3.3,-161.9,165.2,6608.1
CALL,SPXW  260406C06775000,SPXW 04/06/2026 6775.00 C,6775.0,2026-04-06,2.9,2.85,123,2.95,27,2.95,1,910,379,0.063,0.001,-1.185,0.964,0.058,13.72,29.0,2.9,-166.9,169.85,6608.1
CALL,SPXW  260406C06780000,SPXW 04/06/2026 6780.00 C,6780.0,2026-04-06,2.6,2.55,57,2.65,84,2.6,1,1367,331,0.057,0.001,-1.092,0.897,0.053,13.709,29.0,2.6,-171.9,174.5,6608.1
CALL,SPXW  260406C06790000,SPXW 04/06/2026 6790.00 C,6790.0,2026-04-06,2.03,1.95,194,2.1,122,1.85,1,1195,689,0.046,0.001,-0.902,0.759,0.043,13.617,29.0,2.025,-181.9,183.75,6608.1
CALL,SPXW  260406C06800000,SPXW 04/06/2026 6800.00 C,6800.0,2026-04-06,1.6,1.55,59,1.65,78,1.6,1,1441,1913,0.038,0.001,-0.751,0.644,0.035,13.588,29.0,1.6,-191.9,193.5,6608.1
CALL,SPXW  260406C06810000,SPXW 04/06/2026 6810.00 C,6810.0,2026-04-06,1.25,1.2,135,1.3,44,1.2,1,694,169,0.031,0.001,-0.616,0.54,0.028,13.552,29.0,1.25,-201.9,203.1,6608.1
CALL,SPXW  260406C06820000,SPXW 04/06/2026 6820.00 C,6820.0,2026-04-06,1.0,0.95,158,1.05,82,0.95,5,592,141,0.025,0.001,-0.515,0.458,0.023,13.585,29.0,1.0,-211.9,212.85,6608.1
CALL,SPXW  260406C06825000,SPXW 04/06/2026 6825.00 C,6825.0,2026-04-06,0.9,0.85,149,0.95,97,0.75,1,614,259,0.023,0.001,-0.472,0.423,0.021,13.619,29.0,0.9,-216.9,217.65,6608.1
CALL,SPXW  260406C06830000,SPXW 04/06/2026 6830.00 C,6830.0,2026-04-06,0.8,0.75,167,0.85,81,0.75,1,926,78,0.02,0.0,-0.428,0.387,0.019,13.629,29.0,0.8,-221.9,222.65,6608.1
CALL,SPXW  260406C06840000,SPXW 04/06/2026 6840.00 C,6840.0,2026-04-06,0.65,0.6,176,0.7,87,0.66,3,666,376,0.017,0.0,-0.36,0.329,0.016,13.711,29.0,0.65,-231.9,232.56,6608.1
CALL,SPXW  260406C06850000,SPXW 04/06/2026 6850.00 C,6850.0,2026-04-06,0.55,0.5,185,0.6,137,0.55,1,993,188,0.014,0.0,-0.313,0.287,0.013,13.873,29.0,0.55,-241.9,242.45,6608.1
CALL,SPXW  260406C06860000,SPXW 04/06/2026 6860.00 C,6860.0,2026-04-06,0.48,0.4,347,0.55,447,0.47,3,603,45,0.012,0.0,-0.277,0.253,0.012,14.072,29.0,0.475,-251.9,252.37,6608.1
CALL,SPXW  260406C06870000,SPXW 04/06/2026 6870.00 C,6870.0,2026-04-06,0.4,0.35,200,0.45,145,0.4,1,401,28,0.011,0.0,-0.239,0.219,0.01,14.221,29.0,0.4,-261.9,262.3,6608.1
CALL,SPXW  260406C06875000,SPXW 04/06/2026 6875.00 C,6875.0,2026-04-06,0.4,0.35,94,0.45,468,0.3,1,1017,39,0.01,0.0,-0.24,0.217,0.01,14.452,29.0,0.4,-266.9,267.2,6608.1
CALL,SPXW  260406C06880000,SPXW 04/06/2026 6880.00 C,6880.0,2026-04-06,0.35,0.3,207,0.4,162,0.3,1,309,25,0.009,0.0,-0.214,0.195,0.009,14.437,29.0,0.35,-271.9,272.2,6608.1
CALL,SPXW  260406C06890000,SPXW 04/06/2026 6890.00 C,6890.0,2026-04-06,0.3,0.25,215,0.35,100,0.3,7,588,12,0.008,0.0,-0.187,0.171,0.007,14.612,29.0,0.3,-281.9,282.2,6608.1
CALL,SPXW  260406C06900000,SPXW 04/06/2026 6900.00 C,6900.0,2026-04-06,0.3,0.25,191,0.35,393,0.24,1,1155,177,0.008,0.0,-0.188,0.167,0.007,15.055,29.0,0.3,-291.9,292.14,6608.1
CALL,SPXW  260406C06910000,SPXW 04/06/2026 6910.00 C,6910.0,2026-04-06,0.25,0.2,295,0.3,126,0.25,1,210,17,0.007,0.0,-0.16,0.143,0.006,15.17,29.0,0.25,-301.9,302.15,6608.1
CALL,SPXW  260406C06920000,SPXW 04/06/2026 6920.00 C,6920.0,2026-04-06,0.25,0.2,225,0.3,336,0.2,1,416,12,0.006,0.0,-0.16,0.14,0.006,15.602,29.0,0.25,-311.9,312.1,6608.1
CALL,SPXW  260406C06925000,SPXW 04/06/2026 6925.00 C,6925.0,2026-04-06,0.25,0.2,191,0.3,500,0.2,20,316,150,0.006,0.0,-0.161,0.139,0.006,15.817,29.0,0.25,-316.9,317.1,6608.1
CALL,SPXW  260406C06930000,SPXW 04/06/2026 6930.00 C,6930.0,2026-04-06,0.23,0.2,123,0.25,46,0.25,1,206,3,0.006,0.0,-0.146,0.127,0.005,15.842,29.0,0.225,-321.9,322.15,6608.1
CALL,SPXW  260406C06940000,SPXW 04/06/2026 6940.00 C,6940.0,2026-04-06,0.2,0.15,503,0.25,132,0.15,1,526,12,0.005,0.0,-0.132,0.114,0.005,16.058,29.0,0.2,-331.9,332.05,6608.1
CALL,SPXW  260406C06950000,SPXW 04/06/2026 6950.00 C,6950.0,2026-04-06,0.2,0.15,373,0.25,323,0.17,10,749,193,0.005,0.0,-0.132,0.112,0.005,16.475,29.0,0.2,-341.9,342.07,6608.1
CALL,SPXW  260406C06975000,SPXW 04/06/2026 6975.00 C,6975.0,2026-04-06,0.18,0.15,175,0.2,81,0.16,1,638,178,0.004,0.0,-0.118,0.097,0.004,17.267,29.0,0.175,-366.9,367.06,6608.1
CALL,SPXW  260406C07000000,SPXW 04/06/2026 7000.00 C,7000.0,2026-04-06,0.15,0.1,454,0.2,321,0.13,1,1160,15,0.003,0.0,-0.103,0.082,0.003,17.992,29.0,0.15,-391.9,392.03,6608.1
CALL,SPXW  260406C07025000,SPXW 04/06/2026 7025.00 C,7025.0,2026-04-06,0.15,0.1,280,0.2,571,0.15,1,1466,19,0.003,0.0,-0.104,0.079,0.003,18.99,29.0,0.15,-416.9,417.05,6608.1
CALL,SPXW  260406C07050000,SPXW 04/06/2026 7050.00 C,7050.0,2026-04-06,0.13,0.1,120,0.15,104,0.07,10,1965,10,0.003,0.0,-0.088,0.066,0.003,19.615,29.0,0.125,-441.9,441.97,6608.1
CALL,SPXW  260406C07075000,SPXW 04/06/2026 7075.00 C,7075.0,2026-04-06,0.1,0.05,462,0.15,436,0.1,9,1808,12,0.002,0.0,-0.072,0.053,0.002,20.149,29.0,0.1,-466.9,467.0,6608.1
CALL,SPXW  260406C07100000,SPXW 04/06/2026 7100.00 C,7100.0,2026-04-06,0.1,0.05,371,0.15,563,0.05,2,982,24,0.002,0.0,-0.072,0.051,0.002,21.086,29.0,0.1,-491.9,491.95,6608.1
CALL,SPXW  260406C07125000,SPXW 04/06/2026 7125.00 C,7125.0,2026-04-06,0.1,0.05,199,0.15,682,0.07,1,441,123,0.002,0.0,-0.073,0.05,0.002,22.016,29.0,0.1,-516.9,516.97,6608.1
CALL,SPXW  260406C07150000,SPXW 04/06/2026 7150.00 C,7150.0,2026-04-06,0.08,0.05,126,0.1,58,0.07,1,532,10,0.002,0.0,-0.056,0.038,0.001,22.362,29.0,0.075,-541.9,541.97,6608.1
CALL,SPXW  260406C07175000,SPXW 04/06/2026 7175.00 C,7175.0,2026-04-06,0.08,0.05,30,0.1,214,0.05,1,465,3,0.001,0.0,-0.056,0.037,0.001,23.259,29.0,0.075,-566.9,566.95,6608.1
CALL,SPXW  260406C07200000,SPXW 04/06/2026 7200.00 C,7200.0,2026-04-06,0.05,0.0,0,0.1,485,0.06,1,368,1,0.001,0.0,-0.038,0.026,0.001,23.345,29.0,0.05,-591.9,591.96,6608.1
CALL,SPXW  260406C07225000,SPXW 04/06/2026 7225.00 C,7225.0,2026-04-06,0.05,0.0,0,0.1,573,0.05,1,193,2,0.001,0.0,-0.039,0.026,0.001,24.214,29.0,0.05,-616.9,616.95,6608.1
CALL,SPXW  260406C07250000,SPXW 04/06/2026 7250.00 C,7250.0,2026-04-06,0.05,0.0,0,0.1,660,0.05,20,876,0,0.001,0.0,-0.039,0.025,0.001,25.063,29.0,0.05,-641.9,641.95,6608.1
CALL,SPXW  260406C07275000,SPXW 04/06/2026 7275.00 C,7275.0,2026-04-06,0.05,0.0,0,0.1,744,0.1,1,366,0,0.001,0.0,-0.039,0.024,0.001,25.911,29.0,0.05,-666.9,667.0,6608.1
CALL,SPXW  260406C07300000,SPXW 04/06/2026 7300.00 C,7300.0,2026-04-06,0.03,0.0,0,0.05,59,0.15,1,72,0,0.0,0.0,-0.02,0.014,0.0,25.38,29.0,0.025,-691.9,692.05,6608.1
CALL,SPXW  260406C07325000,SPXW 04/06/2026 7325.00 C,7325.0,2026-04-06,0.03,0.0,0,0.05,63,0.05,1,95,1,0.0,0.0,-0.02,0.013,0.0,26.182,29.0,0.025,-716.9,716.95,6608.1
CALL,SPXW  260406C07350000,SPXW 04/06/2026 7350.00 C,7350.0,2026-04-06,0.03,0.0,0,0.05,78,0.05,1,807,2,0.0,0.0,-0.02,0.013,0.0,26.979,29.0,0.025,-741.9,741.95,6608.1
CALL,SPXW  260406C07400000,SPXW 04/06/2026 7400.00 C,7400.0,2026-04-06,0.03,0.0,0,0.05,197,0.05,1,33,2,0.0,0.0,-0.02,0.012,0.0,28.571,29.0,0.025,-791.9,791.95,6608.1
CALL,SPXW  260406C07500000,SPXW 04/06/2026 7500.00 C,7500.0,2026-04-06,0.03,0.0,0,0.05,442,0.05,36,48,0,0.0,0.0,-0.02,0.011,0.0,31.686,29.0,0.025,-891.9,891.95,6608.1
CALL,SPXW  260406C07600000,SPXW 04/06/2026 7600.00 C,7600.0,2026-04-06,0.03,0.0,0,0.05,1292,0.03,1,7,1,0.0,0.0,-0.021,0.01,0.0,34.75,29.0,0.025,-991.9,991.93,6608.1
CALL,SPXW  260406C07800000,SPXW 04/06/2026 7800.00 C,7800.0,2026-04-06,0.03,0.0,0,0.05,1440,0.2,1,8,0,0.0,0.0,-0.021,0.009,0.0,40.658,29.0,0.025,-1191.9,1192.1,6608.1
CALL,SPXW  260406C08000000,SPXW 04/06/2026 8000.00 C,8000.0,2026-04-06,0.03,0.0,0,0.05,819,0.08,1,2,0,0.0,0.0,-0.021,0.008,0.0,46.378,29.0,0.025,-1391.9,1391.98,6608.1
CALL,SPXW  260406C08200000,SPXW 04/06/2026 8200.00 C,8200.0,2026-04-06,0.03,0.0,0,0.05,857,0.05,1,4,1,0.0,0.0,-0.021,0.007,0.0,51.931,29.0,0.025,-1591.9,1591.95,6608.1
CALL,SPXW  260406C08400000,SPXW 04/06/2026 8400.00 C,8400.0,2026-04-06,0.03,0.0,0,0.05,880,0.0,0,0,0,0.0,0.0,-0.021,0.007,0.0,57.249,29.0,0.025,-1791.9,1791.9,6608.1
CALL,SPXW  260406C08600000,SPXW 04/06/2026 8600.00 C,8600.0,2026-04-06,0.03,0.0,0,0.05,873,0.15,4,4,0,0.0,0.0,-0.021,0.006,0.0,62.483,29.0,0.025,-1991.9,1992.05,6608.1
CALL,SPXW  260406C08800000,SPXW 04/06/2026 8800.00 C,8800.0,2026-04-06,0.03,0.0,0,0.05,883,0.0,0,0,0,0.0,0.0,-0.021,0.006,0.0,67.474,29.0,0.025,-2191.9,2191.9,6608.1
CALL,SPXW  260406C09000000,SPXW 04/06/2026 9000.00 C,9000.0,2026-04-06,0.03,0.0,0,0.05,891,0.05,1,12,2,0.0,0.0,-0.022,0.006,0.0,72.419,29.0,0.025,-2391.9,2391.95,6608.1
PUT,SPXW  260406P02600000,SPXW 04/06/2026 2600.00 P,2600.0,2026-04-06,0.03,0.0,0,0.05,967,0.0,0,0,0,0.0,0.0,-0.022,0.002,0.0,212.075,29.0,0.025,-4008.1,4008.1,6608.1
PUT,SPXW  260406P02800000,SPXW 04/06/2026 2800.00 P,2800.0,2026-04-06,0.03,0.0,0,0.05,967,0.25,1,85,0,0.0,0.0,-0.022,0.002,0.0,195.733,29.0,0.025,-3808.1,3808.35,6608.1
PUT,SPXW  260406P03000000,SPXW 04/06/2026 3000.00 P,3000.0,2026-04-06,0.03,0.0,0,0.05,966,0.03,50,192,0,0.0,0.0,-0.022,0.002,0.0,180.708,29.0,0.025,-3608.1,3608.13,6608.1
PUT,SPXW  260406P03200000,SPXW 04/06/2026 3200.00 P,3200.0,2026-04-06,0.03,0.0,0,0.05,964,0.03,12,44,0,0.0,0.0,-0.022,0.002,0.0,166.354,29.0,0.025,-3408.1,3408.13,6608.1
PUT,SPXW  260406P03400000,SPXW 04/06/2026 3400.00 P,3400.0,2026-04-06,0.03,0.0,0,0.05,958,0.07,184,2480,0,0.0,0.0,-0.022,0.003,0.0,152.942,29.0,0.025,-3208.1,3208.17,6608.1
PUT,SPXW  260406P03600000,SPXW 04/06/2026 3600.00 P,3600.0,2026-04-06,0.03,0.0,0,0.05,852,0.03,6,792,0,0.0,0.0,-0.022,0.003,0.0,140.426,29.0,0.025,-3008.1,3008.13,6608.1
PUT,SPXW  260406P03800000,SPXW 04/06/2026 3800.00 P,3800.0,2026-04-06,0.03,0.0,0,0.05,842,0.1,1,474,0,0.0,0.0,-0.022,0.003,0.0,128.437,29.0,0.025,-2808.1,2808.2,6608.1
PUT,SPXW  260406P04000000,SPXW 04/06/2026 4000.00 P,4000.0,2026-04-06,0.03,0.0,0,0.05,1630,0.1,1,649,0,0.0,0.0,-0.021,0.003,0.0,116.956,29.0,0.025,-2608.1,2608.2,6608.1
PUT,SPXW  260406P04200000,SPXW 04/06/2026 4200.00 P,4200.0,2026-04-06,0.03,0.0,0,0.05,845,0.05,50,427,0,0.0,0.0,-0.021,0.004,0.0,106.076,29.0,0.025,-2408.1,2408.15,6608.1
PUT,SPXW  260406P04400000,SPXW 04/06/2026 4400.00 P,4400.0,2026-04-06,0.03,0.0,0,0.05,804,0.05,1,1945,0,0.0,0.0,-0.021,0.004,0.0,95.769,29.0,0.025,-2208.1,2208.15,6608.1
PUT,SPXW  260406P04600000,SPXW 04/06/2026 4600.00 P,4600.0,2026-04-06,0.03,0.0,0,0.05,1416,0.03,1,3075,115,0.0,0.0,-0.021,0.005,0.0,85.742,29.0,0.025,-2008.1,2008.13,6608.1
PUT,SPXW  260406P04800000,SPXW 04/06/2026 4800.00 P,4800.0,2026-04-06,0.03,0.0,0,0.05,1241,0.05,15,2536,205,0.0,0.0,-0.021,0.005,0.0,76.173,29.0,0.025,-1808.1,1808.15,6608.1
PUT,SPXW  260406P05000000,SPXW 04/06/2026 5000.00 P,5000.0,2026-04-06,0.03,0.0,0,0.05,200,0.05,1,2408,737,0.0,0.0,-0.021,0.006,0.0,67.003,29.0,0.025,-1608.1,1608.15,6608.1
PUT,SPXW  260406P05100000,SPXW 04/06/2026 5100.00 P,5100.0,2026-04-06,0.03,0.0,0,0.05,68,0.05,3,595,186,0.0,0.0,-0.021,0.006,0.0,62.469,29.0,0.025,-1508.1,1508.15,6608.1
PUT,SPXW  260406P05200000,SPXW 04/06/2026 5200.00 P,5200.0,2026-04-06,0.08,0.05,179,0.1,552,0.1,20,2542,40,-0.001,0.0,-0.059,0.016,-0.001,62.806,29.0,0.075,-1408.1,1408.2,6608.1
PUT,SPXW  260406P05300000,SPXW 04/06/2026 5300.00 P,5300.0,2026-04-06,0.08,0.05,173,0.1,65,0.07,2,1061,258,-0.001,0.0,-0.059,0.017,-0.001,58.136,29.0,0.075,-1308.1,1308.17,6608.1
PUT,SPXW  260406P05400000,SPXW 04/06/2026 5400.00 P,5400.0,2026-04-06,0.13,0.1,104,0.15,67,0.15,2,2296,5,-0.001,0.0,-0.095,0.027,-0.001,55.786,29.0,0.125,-1208.1,1208.25,6608.1
PUT,SPXW  260406P05475000,SPXW 04/06/2026 5475.00 P,5475.0,2026-04-06,0.18,0.15,658,0.2,149,0.15,2,234,69,-0.001,0.0,-0.129,0.037,-0.001,53.792,29.0,0.175,-1133.1,1133.25,6608.1
PUT,SPXW  260406P05500000,SPXW 04/06/2026 5500.00 P,5500.0,2026-04-06,0.2,0.15,328,0.25,566,0.15,1,1652,39,-0.002,0.0,-0.146,0.041,-0.002,53.225,29.0,0.2,-1108.1,1108.25,6608.1
PUT,SPXW  260406P05525000,SPXW 04/06/2026 5525.00 P,5525.0,2026-04-06,0.2,0.15,469,0.25,141,0.2,1,202,1,-0.002,0.0,-0.146,0.042,-0.002,52.017,29.0,0.2,-1083.1,1083.3,6608.1
PUT,SPXW  260406P05550000,SPXW 04/06/2026 5550.00 P,5550.0,2026-04-06,0.23,0.2,201,0.25,1,0.2,1,86,2,-0.002,0.0,-0.163,0.047,-0.002,51.364,29.0,0.225,-1058.1,1058.3,6608.1
PUT,SPXW  260406P05575000,SPXW 04/06/2026 5575.00 P,5575.0,2026-04-06,0.25,0.2,521,0.3,191,0.25,4,225,5,-0.002,0.0,-0.179,0.052,-0.002,50.647,29.0,0.25,-1033.1,1033.35,6608.1
PUT,SPXW  260406P05600000,SPXW 04/06/2026 5600.00 P,5600.0,2026-04-06,0.3,0.25,149,0.35,484,0.3,1,1978,3,-0.003,0.0,-0.211,0.061,-0.002,50.3,29.0,0.3,-1008.1,1008.4,6608.1
PUT,SPXW  260406P05625000,SPXW 04/06/2026 5625.00 P,5625.0,2026-04-06,0.3,0.25,579,0.35,193,0.3,1,145,259,-0.003,0.0,-0.211,0.062,-0.002,49.067,29.0,0.3,-983.1,983.4,6608.1
PUT,SPXW  260406P05650000,SPXW 04/06/2026 5650.00 P,5650.0,2026-04-06,0.35,0.3,462,0.4,236,0.32,5,376,11,-0.003,0.0,-0.242,0.072,-0.003,48.576,29.0,0.35,-958.1,958.42,6608.1
PUT,SPXW  260406P05675000,SPXW 04/06/2026 5675.00 P,5675.0,2026-04-06,0.4,0.35,71,0.45,501,0.4,1,3187,4,-0.003,0.0,-0.273,0.081,-0.003,47.978,29.0,0.4,-933.1,933.5,6608.1
PUT,SPXW  260406P05700000,SPXW 04/06/2026 5700.00 P,5700.0,2026-04-06,0.4,0.35,452,0.45,183,0.45,7,988,272,-0.004,0.0,-0.272,0.083,-0.003,46.723,29.0,0.4,-908.1,908.55,6608.1
PUT,SPXW  260406P05725000,SPXW 04/06/2026 5725.00 P,5725.0,2026-04-06,0.45,0.4,509,0.5,184,0.42,5,387,35,-0.004,0.0,-0.302,0.092,-0.004,46.036,29.0,0.45,-883.1,883.52,6608.1
PUT,SPXW  260406P05750000,SPXW 04/06/2026 5750.00 P,5750.0,2026-04-06,0.5,0.45,185,0.55,372,0.5,14,656,107,-0.004,0.0,-0.332,0.102,-0.004,45.283,29.0,0.5,-858.1,858.6,6608.1
PUT,SPXW  260406P05775000,SPXW 04/06/2026 5775.00 P,5775.0,2026-04-06,0.55,0.5,107,0.6,455,0.55,1,622,10,-0.005,0.0,-0.361,0.112,-0.005,44.474,29.0,0.55,-833.1,833.65,6608.1
PUT,SPXW  260406P05800000,SPXW 04/06/2026 5800.00 P,5800.0,2026-04-06,0.6,0.55,99,0.65,421,0.52,5,8057,461,-0.005,0.0,-0.389,0.122,-0.005,43.617,29.0,0.6,-808.1,808.62,6608.1
PUT,SPXW  260406P05825000,SPXW 04/06/2026 5825.00 P,5825.0,2026-04-06,0.65,0.6,99,0.7,420,0.7,2,404,15,-0.006,0.0,-0.417,0.132,-0.006,42.719,29.0,0.65,-783.1,783.8,6608.1
PUT,SPXW  260406P05840000,SPXW 04/06/2026 5840.00 P,5840.0,2026-04-06,0.65,0.6,416,0.7,128,0.75,1,92,19,-0.006,0.0,-0.416,0.134,-0.006,41.937,29.0,0.65,-768.1,768.85,6608.1
PUT,SPXW  260406P05850000,SPXW 04/06/2026 5850.00 P,5850.0,2026-04-06,0.7,0.65,180,0.75,397,0.65,5,1843,635,-0.006,0.0,-0.444,0.143,-0.006,41.778,29.0,0.7,-758.1,758.75,6608.1
PUT,SPXW  260406P05860000,SPXW 04/06/2026 5860.00 P,5860.0,2026-04-06,0.7,0.65,418,0.75,128,0.7,10,20,46,-0.007,0.0,-0.444,0.144,-0.006,41.256,29.0,0.7,-748.1,748.8,6608.1
PUT,SPXW  260406P05870000,SPXW 04/06/2026 5870.00 P,5870.0,2026-04-06,0.78,0.75,1,0.8,332,0.65,34,288,102,-0.007,0.0,-0.485,0.157,-0.007,41.23,29.0,0.775,-738.1,738.75,6608.1
PUT,SPXW  260406P05875000,SPXW 04/06/2026 5875.00 P,5875.0,2026-04-06,0.75,0.7,261,0.8,147,0.7,11,851,43,-0.007,0.0,-0.471,0.154,-0.007,40.806,29.0,0.75,-733.1,733.8,6608.1
PUT,SPXW  260406P05880000,SPXW 04/06/2026 5880.00 P,5880.0,2026-04-06,0.75,0.7,403,0.8,126,1.45,1,43,0,-0.007,0.0,-0.471,0.155,-0.007,40.544,29.0,0.75,-728.1,729.55,6608.1
PUT,SPXW  260406P05890000,SPXW 04/06/2026 5890.00 P,5890.0,2026-04-06,0.8,0.75,105,0.85,185,0.85,1,22,683,-0.008,0.0,-0.498,0.164,-0.007,40.331,29.0,0.8,-718.1,718.95,6608.1
PUT,SPXW  260406P05900000,SPXW 04/06/2026 5900.00 P,5900.0,2026-04-06,0.8,0.75,453,0.85,142,0.75,5,990,110,-0.008,0.0,-0.497,0.165,-0.007,39.804,29.0,0.8,-708.1,708.85,6608.1
PUT,SPXW  260406P05910000,SPXW 04/06/2026 5910.00 P,5910.0,2026-04-06,0.85,0.8,169,0.9,124,0.85,1,10,65,-0.008,0.0,-0.524,0.174,-0.008,39.569,29.0,0.85,-698.1,698.95,6608.1
PUT,SPXW  260406P05920000,SPXW 04/06/2026 5920.00 P,5920.0,2026-04-06,0.9,0.85,78,0.95,364,0.9,34,31,34,-0.009,0.0,-0.55,0.184,-0.008,39.316,29.0,0.9,-688.1,689.0,6608.1
PUT,SPXW  260406P05925000,SPXW 04/06/2026 5925.00 P,5925.0,2026-04-06,0.9,0.85,183,0.95,140,0.85,19,1010,59,-0.009,0.0,-0.55,0.185,-0.008,39.05,29.0,0.9,-683.1,683.95,6608.1
PUT,SPXW  260406P05930000,SPXW 04/06/2026 5930.00 P,5930.0,2026-04-06,0.9,0.85,394,0.95,121,0.85,9,63,11,-0.009,0.0,-0.549,0.186,-0.008,38.783,29.0,0.9,-678.1,678.95,6608.1
PUT,SPXW  260406P05940000,SPXW 04/06/2026 5940.00 P,5940.0,2026-04-06,0.95,0.9,155,1.0,120,1.05,1,10,1,-0.009,0.0,-0.575,0.195,-0.009,38.511,29.0,0.95,-668.1,669.15,6608.1
PUT,SPXW  260406P05950000,SPXW 04/06/2026 5950.00 P,5950.0,2026-04-06,1.0,0.95,91,1.05,174,1.0,2,687,229,-0.01,0.0,-0.601,0.204,-0.009,38.225,29.0,1.0,-658.1,659.1,6608.1
PUT,SPXW  260406P05960000,SPXW 04/06/2026 5960.00 P,5960.0,2026-04-06,1.02,1.0,6,1.05,57,1.7,1,41,0,-0.01,0.0,-0.613,0.21,-0.009,37.807,29.0,1.025,-648.1,649.8,6608.1
PUT,SPXW  260406P05970000,SPXW 04/06/2026 5970.00 P,5970.0,2026-04-06,1.05,1.0,383,1.1,118,1.07,13,196,90,-0.01,0.0,-0.625,0.216,-0.01,37.384,29.0,1.05,-638.1,639.17,6608.1
PUT,SPXW  260406P05975000,SPXW 04/06/2026 5975.00 P,5975.0,2026-04-06,1.1,1.05,83,1.15,174,1.0,2,966,91,-0.011,0.0,-0.651,0.224,-0.01,37.34,29.0,1.1,-633.1,634.1,6608.1
PUT,SPXW  260406P05980000,SPXW 04/06/2026 5980.00 P,5980.0,2026-04-06,1.1,1.05,354,1.15,118,1.0,10,33,10,-0.011,0.0,-0.65,0.225,-0.01,37.068,29.0,1.1,-628.1,629.1,6608.1
PUT,SPXW  260406P05985000,SPXW 04/06/2026 5985.00 P,5985.0,2026-04-06,1.13,1.1,56,1.15,57,1.1,5,26,35,-0.011,0.0,-0.675,0.234,-0.011,37.013,29.0,1.15,-623.1,624.2,6608.1
PUT,SPXW  260406P05990000,SPXW 04/06/2026 5990.00 P,5990.0,2026-04-06,1.15,1.1,119,1.2,113,1.2,1,158,74,-0.011,0.0,-0.675,0.235,-0.011,36.74,29.0,1.15,-618.1,619.3,6608.1
PUT,SPXW  260406P05995000,SPXW 04/06/2026 5995.00 P,5995.0,2026-04-06,1.17,1.15,6,1.2,56,1.45,1,68,26,-0.012,0.0,-0.687,0.24,-0.011,36.572,29.0,1.175,-613.1,614.55,6608.1
PUT,SPXW  260406P06000000,SPXW 04/06/2026 6000.00 P,6000.0,2026-04-06,1.2,1.15,163,1.25,129,1.2,1,3981,493,-0.012,0.0,-0.699,0.245,-0.011,36.401,29.0,1.2,-608.1,609.3,6608.1
PUT,SPXW  260406P06005000,SPXW 04/06/2026 6005.00 P,6005.0,2026-04-06,1.2,1.15,310,1.25,92,1.3,10,221,11,-0.012,0.0,-0.711,0.25,-0.012,36.228,29.0,1.225,-603.1,604.4,6608.1
PUT,SPXW  260406P06010000,SPXW 04/06/2026 6010.00 P,6010.0,2026-04-06,1.25,1.2,104,1.3,112,1.48,1,145,5,-0.013,0.0,-0.723,0.255,-0.012,36.052,29.0,1.25,-598.1,599.58,6608.1
PUT,SPXW  260406P06015000,SPXW 04/06/2026 6015.00 P,6015.0,2026-04-06,1.25,1.2,311,1.3,92,1.1,1,47,4,-0.013,0.0,-0.735,0.26,-0.012,35.874,29.0,1.275,-593.1,594.2,6608.1
PUT,SPXW  260406P06020000,SPXW 04/06/2026 6020.00 P,6020.0,2026-04-06,1.3,1.25,103,1.35,111,1.25,1,137,52,-0.013,0.0,-0.747,0.265,-0.012,35.693,29.0,1.3,-588.1,589.35,6608.1
PUT,SPXW  260406P06025000,SPXW 04/06/2026 6025.00 P,6025.0,2026-04-06,1.3,1.25,382,1.35,55,1.25,9,510,42,-0.013,0.0,-0.758,0.27,-0.013,35.509,29.0,1.325,-583.1,584.35,6608.1
PUT,SPXW  260406P06030000,SPXW 04/06/2026 6030.00 P,6030.0,2026-04-06,1.35,1.3,101,1.4,111,1.34,1,188,16,-0.014,0.0,-0.77,0.275,-0.013,35.324,29.0,1.35,-578.1,579.44,6608.1
PUT,SPXW  260406P06035000,SPXW 04/06/2026 6035.00 P,6035.0,2026-04-06,1.38,1.35,36,1.4,55,1.45,1,7,1,-0.014,0.0,-0.794,0.283,-0.013,35.225,29.0,1.4,-573.1,574.55,6608.1
PUT,SPXW  260406P06040000,SPXW 04/06/2026 6040.00 P,6040.0,2026-04-06,1.4,1.35,197,1.45,110,1.4,1,218,71,-0.014,0.0,-0.793,0.285,-0.013,34.946,29.0,1.4,-568.1,569.5,6608.1
PUT,SPXW  260406P06045000,SPXW 04/06/2026 6045.00 P,6045.0,2026-04-06,1.45,1.4,62,1.5,127,1.35,1,71,7,-0.015,0.0,-0.817,0.293,-0.014,34.839,29.0,1.45,-563.1,564.45,6608.1
PUT,SPXW  260406P06050000,SPXW 04/06/2026 6050.00 P,6050.0,2026-04-06,1.45,1.4,273,1.5,66,1.26,1,1778,81,-0.015,0.0,-0.816,0.295,-0.014,34.559,29.0,1.45,-558.1,559.36,6608.1
PUT,SPXW  260406P06055000,SPXW 04/06/2026 6055.00 P,6055.0,2026-04-06,1.5,1.45,93,1.55,108,1.46,1,83,13,-0.015,0.0,-0.839,0.304,-0.015,34.446,29.0,1.5,-553.1,554.56,6608.1
PUT,SPXW  260406P06060000,SPXW 04/06/2026 6060.00 P,6060.0,2026-04-06,1.55,1.5,49,1.6,142,1.35,1,154,221,-0.016,0.0,-0.862,0.312,-0.015,34.326,29.0,1.55,-548.1,549.45,6608.1
PUT,SPXW  260406P06065000,SPXW 04/06/2026 6065.00 P,6065.0,2026-04-06,1.55,1.5,327,1.6,88,1.65,1,131,48,-0.016,0.0,-0.861,0.314,-0.015,34.044,29.0,1.55,-543.1,544.75,6608.1
PUT,SPXW  260406P06070000,SPXW 04/06/2026 6070.00 P,6070.0,2026-04-06,1.6,1.55,106,1.65,115,1.75,1,141,268,-0.017,0.0,-0.884,0.323,-0.016,33.918,29.0,1.6,-538.1,539.85,6608.1
PUT,SPXW  260406P06075000,SPXW 04/06/2026 6075.00 P,6075.0,2026-04-06,1.65,1.6,62,1.7,136,1.45,1,1383,74,-0.017,0.0,-0.907,0.332,-0.016,33.787,29.0,1.65,-533.1,534.55,6608.1
PUT,SPXW  260406P06080000,SPXW 04/06/2026 6080.00 P,6080.0,2026-04-06,1.67,1.65,6,1.7,53,1.65,3,107,51,-0.018,0.0,-0.929,0.34,-0.017,33.651,29.0,1.7,-528.1,529.75,6608.1
PUT,SPXW  260406P06085000,SPXW 04/06/2026 6085.00 P,6085.0,2026-04-06,1.7,1.65,297,1.75,86,1.76,1,68,31,-0.018,0.0,-0.928,0.343,-0.017,33.366,29.0,1.7,-523.1,524.86,6608.1
PUT,SPXW  260406P06090000,SPXW 04/06/2026 6090.00 P,6090.0,2026-04-06,1.75,1.7,98,1.8,112,1.8,1,277,115,-0.018,0.0,-0.95,0.351,-0.017,33.224,29.0,1.75,-518.1,519.9,6608.1
PUT,SPXW  260406P06095000,SPXW 04/06/2026 6095.00 P,6095.0,2026-04-06,1.8,1.75,55,1.85,104,1.7,1,307,6,-0.019,0.0,-0.972,0.36,-0.018,33.078,29.0,1.8,-513.1,514.8,6608.1
PUT,SPXW  260406P06100000,SPXW 04/06/2026 6100.00 P,6100.0,2026-04-06,1.85,1.8,53,1.9,144,1.83,2,1010,517,-0.019,0.0,-0.994,0.369,-0.018,32.927,29.0,1.85,-508.1,509.93,6608.1
PUT,SPXW  260406P06105000,SPXW 04/06/2026 6105.00 P,6105.0,2026-04-06,1.9,1.85,7,1.95,139,1.9,32,125,36,-0.02,0.0,-1.015,0.378,-0.019,32.772,29.0,1.9,-503.1,505.0,6608.1
PUT,SPXW  260406P06110000,SPXW 04/06/2026 6110.00 P,6110.0,2026-04-06,1.9,1.85,253,1.95,52,1.95,32,346,96,-0.02,0.0,-1.025,0.384,-0.019,32.548,29.0,1.925,-498.1,500.05,6608.1
PUT,SPXW  260406P06115000,SPXW 04/06/2026 6115.00 P,6115.0,2026-04-06,1.95,1.9,168,2.0,84,2.35,1,72,9,-0.021,0.0,-1.047,0.392,-0.02,32.386,29.0,1.975,-493.1,495.45,6608.1
PUT,SPXW  260406P06120000,SPXW 04/06/2026 6120.00 P,6120.0,2026-04-06,2.0,1.95,164,2.05,83,2.15,1,414,31,-0.021,0.0,-1.056,0.398,-0.02,32.158,29.0,2.0,-488.1,490.25,6608.1
PUT,SPXW  260406P06125000,SPXW 04/06/2026 6125.00 P,6125.0,2026-04-06,2.05,2.0,172,2.1,83,2.1,6,850,132,-0.022,0.0,-1.077,0.407,-0.02,31.991,29.0,2.05,-483.1,485.2,6608.1
PUT,SPXW  260406P06130000,SPXW 04/06/2026 6130.00 P,6130.0,2026-04-06,2.1,2.05,156,2.15,83,2.25,28,244,43,-0.022,0.0,-1.098,0.416,-0.021,31.819,29.0,2.1,-478.1,480.35,6608.1
PUT,SPXW  260406P06135000,SPXW 04/06/2026 6135.00 P,6135.0,2026-04-06,2.15,2.1,158,2.2,31,2.2,1,95,23,-0.023,0.0,-1.129,0.429,-0.022,31.703,29.0,2.175,-473.1,475.3,6608.1
PUT,SPXW  260406P06140000,SPXW 04/06/2026 6140.00 P,6140.0,2026-04-06,2.25,2.2,1,2.3,150,2.25,30,482,116,-0.024,0.0,-1.161,0.441,-0.023,31.581,29.0,2.25,-468.1,470.35,6608.1
PUT,SPXW  260406P06145000,SPXW 04/06/2026 6145.00 P,6145.0,2026-04-06,2.3,2.25,6,2.35,125,2.15,1,103,48,-0.025,0.0,-1.18,0.45,-0.023,31.396,29.0,2.3,-463.1,465.25,6608.1
PUT,SPXW  260406P06150000,SPXW 04/06/2026 6150.00 P,6150.0,2026-04-06,2.35,2.3,9,2.4,120,2.36,2,1720,267,-0.025,0.0,-1.2,0.459,-0.024,31.209,29.0,2.35,-458.1,460.46,6608.1
PUT,SPXW  260406P06155000,SPXW 04/06/2026 6155.00 P,6155.0,2026-04-06,2.4,2.35,53,2.45,95,2.4,1,344,57,-0.026,0.0,-1.22,0.469,-0.024,31.018,29.0,2.4,-453.1,455.5,6608.1
PUT,SPXW  260406P06160000,SPXW 04/06/2026 6160.00 P,6160.0,2026-04-06,2.45,2.4,81,2.5,79,2.45,1,136,53,-0.026,0.0,-1.239,0.478,-0.025,30.825,29.0,2.45,-448.1,450.55,6608.1
PUT,SPXW  260406P06165000,SPXW 04/06/2026 6165.00 P,6165.0,2026-04-06,2.5,2.45,157,2.55,29,2.6,1,114,16,-0.027,0.0,-1.258,0.488,-0.025,30.628,29.0,2.5,-443.1,445.7,6608.1
PUT,SPXW  260406P06170000,SPXW 04/06/2026 6170.00 P,6170.0,2026-04-06,2.6,2.55,6,2.65,114,2.55,2,234,90,-0.028,0.0,-1.298,0.503,-0.026,30.529,29.0,2.6,-438.1,440.65,6608.1
PUT,SPXW  260406P06175000,SPXW 04/06/2026 6175.00 P,6175.0,2026-04-06,2.65,2.6,128,2.7,48,2.69,2,2024,109,-0.029,0.0,-1.316,0.513,-0.027,30.324,29.0,2.65,-433.1,435.79,6608.1
PUT,SPXW  260406P06180000,SPXW 04/06/2026 6180.00 P,6180.0,2026-04-06,2.72,2.65,156,2.8,120,2.72,1,259,120,-0.029,0.0,-1.345,0.525,-0.028,30.165,29.0,2.725,-428.1,430.82,6608.1
PUT,SPXW  260406P06185000,SPXW 04/06/2026 6185.00 P,6185.0,2026-04-06,2.8,2.75,60,2.85,29,3.0,1,822,141,-0.03,0.0,-1.373,0.538,-0.029,30.001,29.0,2.8,-423.1,426.1,6608.1
PUT,SPXW  260406P06190000,SPXW 04/06/2026 6190.00 P,6190.0,2026-04-06,2.9,2.85,1,2.95,108,2.9,1,744,195,-0.031,0.0,-1.412,0.553,-0.03,29.878,29.0,2.9,-418.1,421.0,6608.1
PUT,SPXW  260406P06195000,SPXW 04/06/2026 6195.00 P,6195.0,2026-04-06,2.95,2.9,64,3.0,30,2.75,1,161,204,-0.032,0.0,-1.429,0.563,-0.03,29.66,29.0,2.95,-413.1,415.85,6608.1
PUT,SPXW  260406P06200000,SPXW 04/06/2026 6200.00 P,6200.0,2026-04-06,3.05,3.0,7,3.1,91,3.0,1,1760,759,-0.033,0.0,-1.466,0.579,-0.031,29.526,29.0,3.05,-408.1,411.1,6608.1
PUT,SPXW  260406P06205000,SPXW 04/06/2026 6205.00 P,6205.0,2026-04-06,3.15,3.1,1,3.2,85,3.1,10,128,28,-0.034,0.0,-1.503,0.595,-0.032,29.386,29.0,3.15,-403.1,406.2,6608.1
PUT,SPXW  260406P06210000,SPXW 04/06/2026 6210.00 P,6210.0,2026-04-06,3.2,3.1,259,3.3,142,3.1,19,187,46,-0.035,0.0,-1.519,0.605,-0.033,29.158,29.0,3.2,-398.1,401.2,6608.1
PUT,SPXW  260406P06215000,SPXW 04/06/2026 6215.00 P,6215.0,2026-04-06,3.3,3.2,212,3.4,285,3.2,19,257,30,-0.036,0.0,-1.555,0.621,-0.034,29.009,29.0,3.3,-393.1,396.3,6608.1
PUT,SPXW  260406P06220000,SPXW 04/06/2026 6220.00 P,6220.0,2026-04-06,3.4,3.3,170,3.5,285,3.35,2,207,68,-0.037,0.0,-1.591,0.636,-0.035,28.854,29.0,3.4,-388.1,391.45,6608.1
PUT,SPXW  260406P06225000,SPXW 04/06/2026 6225.00 P,6225.0,2026-04-06,3.5,3.4,174,3.6,254,3.52,2,555,169,-0.038,0.0,-1.625,0.652,-0.036,28.693,29.0,3.5,-383.1,386.62,6608.1
PUT,SPXW  260406P06230000,SPXW 04/06/2026 6230.00 P,6230.0,2026-04-06,3.6,3.5,169,3.7,248,3.8,1,146,105,-0.04,0.0,-1.66,0.668,-0.037,28.527,29.0,3.6,-378.1,381.9,6608.1
PUT,SPXW  260406P06235000,SPXW 04/06/2026 6235.00 P,6235.0,2026-04-06,3.7,3.6,164,3.8,241,3.82,1,190,52,-0.041,0.0,-1.693,0.684,-0.038,28.357,29.0,3.7,-373.1,376.92,6608.1
PUT,SPXW  260406P06240000,SPXW 04/06/2026 6240.00 P,6240.0,2026-04-06,3.8,3.7,180,3.9,162,3.85,2,297,147,-0.042,0.0,-1.727,0.7,-0.039,28.181,29.0,3.8,-368.1,371.95,6608.1
PUT,SPXW  260406P06245000,SPXW 04/06/2026 6245.00 P,6245.0,2026-04-06,3.9,3.8,238,4.0,115,4.0,1,140,90,-0.043,0.0,-1.778,0.721,-0.041,28.07,29.0,3.95,-363.1,367.1,6608.1
PUT,SPXW  260406P06250000,SPXW 04/06/2026 6250.00 P,6250.0,2026-04-06,4.05,4.0,63,4.1,78,4.1,3,1021,619,-0.045,0.0,-1.81,0.737,-0.042,27.883,29.0,4.05,-358.1,362.2,6608.1
PUT,SPXW  260406P06255000,SPXW 04/06/2026 6255.00 P,6255.0,2026-04-06,4.15,4.1,128,4.2,59,4.32,1,151,122,-0.046,0.0,-1.841,0.754,-0.043,27.692,29.0,4.15,-353.1,357.42,6608.1
PUT,SPXW  260406P06260000,SPXW 04/06/2026 6260.00 P,6260.0,2026-04-06,4.3,4.2,170,4.4,260,4.3,1,199,213,-0.047,0.0,-1.89,0.775,-0.045,27.562,29.0,4.3,-348.1,352.4,6608.1
PUT,SPXW  260406P06265000,SPXW 04/06/2026 6265.00 P,6265.0,2026-04-06,4.4,4.3,234,4.5,117,4.58,6,98,86,-0.049,0.0,-1.921,0.791,-0.046,27.361,29.0,4.4,-343.1,347.68,6608.1
PUT,SPXW  260406P06270000,SPXW 04/06/2026 6270.00 P,6270.0,2026-04-06,4.55,4.5,104,4.6,58,4.61,3,5199,395,-0.05,0.0,-1.968,0.813,-0.047,27.218,29.0,4.55,-338.1,342.71,6608.1
PUT,SPXW  260406P06275000,SPXW 04/06/2026 6275.00 P,6275.0,2026-04-06,4.7,4.6,171,4.8,150,4.7,1,6007,239,-0.052,0.001,-2.014,0.834,-0.049,27.068,29.0,4.7,-333.1,337.8,6608.1
PUT,SPXW  260406P06280000,SPXW 04/06/2026 6280.00 P,6280.0,2026-04-06,4.85,4.8,97,4.9,62,5.0,1,223,344,-0.054,0.001,-2.06,0.856,-0.051,26.911,29.0,4.85,-328.1,333.1,6608.1
PUT,SPXW  260406P06285000,SPXW 04/06/2026 6285.00 P,6285.0,2026-04-06,5.0,4.9,163,5.1,107,5.0,5,262,176,-0.055,0.001,-2.104,0.877,-0.052,26.748,29.0,5.0,-323.1,328.1,6608.1
PUT,SPXW  260406P06290000,SPXW 04/06/2026 6290.00 P,6290.0,2026-04-06,5.15,5.1,106,5.2,23,5.05,1,212,232,-0.057,0.001,-2.148,0.899,-0.054,26.579,29.0,5.15,-318.1,323.15,6608.1
PUT,SPXW  260406P06295000,SPXW 04/06/2026 6295.00 P,6295.0,2026-04-06,5.3,5.2,206,5.4,42,5.5,3,145,88,-0.059,0.001,-2.207,0.925,-0.056,26.458,29.0,5.35,-313.1,318.6,6608.1
PUT,SPXW  260406P06300000,SPXW 04/06/2026 6300.00 P,6300.0,2026-04-06,5.5,5.4,164,5.6,91,5.6,4,2182,1249,-0.061,0.001,-2.249,0.947,-0.058,26.276,29.0,5.5,-308.1,313.7,6608.1
PUT,SPXW  260406P06305000,SPXW 04/06/2026 6305.00 P,6305.0,2026-04-06,5.7,5.6,112,5.8,113,5.8,2,191,84,-0.063,0.001,-2.306,0.973,-0.06,26.14,29.0,5.7,-303.1,308.9,6608.1
PUT,SPXW  260406P06310000,SPXW 04/06/2026 6310.00 P,6310.0,2026-04-06,5.85,5.8,102,5.9,5,6.2,1,318,345,-0.066,0.001,-2.362,0.999,-0.062,25.996,29.0,5.9,-298.1,304.3,6608.1
PUT,SPXW  260406P06315000,SPXW 04/06/2026 6315.00 P,6315.0,2026-04-06,6.05,6.0,90,6.1,5,6.2,1,114,46,-0.067,0.001,-2.401,1.021,-0.063,25.795,29.0,6.05,-293.1,299.3,6608.1
PUT,SPXW  260406P06320000,SPXW 04/06/2026 6320.00 P,6320.0,2026-04-06,6.25,6.2,90,6.3,5,6.5,1,268,408,-0.07,0.001,-2.454,1.047,-0.065,25.638,29.0,6.25,-288.1,294.6,6608.1
PUT,SPXW  260406P06325000,SPXW 04/06/2026 6325.00 P,6325.0,2026-04-06,6.5,6.4,102,6.6,56,6.5,1,1232,139,-0.072,0.001,-2.521,1.077,-0.068,25.519,29.0,6.5,-283.1,289.6,6608.1
PUT,SPXW  260406P06330000,SPXW 04/06/2026 6330.00 P,6330.0,2026-04-06,6.7,6.6,94,6.8,49,6.82,1,283,246,-0.075,0.001,-2.572,1.103,-0.07,25.346,29.0,6.7,-278.1,284.92,6608.1
PUT,SPXW  260406P06335000,SPXW 04/06/2026 6335.00 P,6335.0,2026-04-06,6.95,6.9,50,7.0,44,7.1,5,108,212,-0.077,0.001,-2.636,1.134,-0.073,25.211,29.0,6.95,-273.1,280.2,6608.1
PUT,SPXW  260406P06340000,SPXW 04/06/2026 6340.00 P,6340.0,2026-04-06,7.2,7.1,88,7.3,87,7.67,2,340,236,-0.08,0.001,-2.699,1.164,-0.075,25.067,29.0,7.2,-268.1,275.77,6608.1
PUT,SPXW  260406P06345000,SPXW 04/06/2026 6345.00 P,6345.0,2026-04-06,7.45,7.4,29,7.5,44,7.7,1,179,177,-0.083,0.001,-2.759,1.194,-0.078,24.915,29.0,7.45,-263.1,270.8,6608.1
PUT,SPXW  260406P06350000,SPXW 04/06/2026 6350.00 P,6350.0,2026-04-06,7.7,7.6,93,7.8,77,7.8,1,986,1136,-0.086,0.001,-2.819,1.224,-0.08,24.754,29.0,7.7,-258.1,265.9,6608.1
PUT,SPXW  260406P06355000,SPXW 04/06/2026 6355.00 P,6355.0,2026-04-06,7.95,7.9,57,8.0,14,8.5,1,212,140,-0.089,0.001,-2.89,1.258,-0.083,24.626,29.0,8.0,-253.1,261.6,6608.1
PUT,SPXW  260406P06360000,SPXW 04/06/2026 6360.00 P,6360.0,2026-04-06,8.25,8.2,34,8.3,31,8.82,2,253,173,-0.092,0.001,-2.945,1.288,-0.086,24.45,29.0,8.25,-248.1,256.92,6608.1
PUT,SPXW  260406P06365000,SPXW 04/06/2026 6365.00 P,6365.0,2026-04-06,8.55,8.5,27,8.6,39,9.4,6,168,160,-0.095,0.001,-3.013,1.321,-0.089,24.304,29.0,8.55,-243.1,252.5,6608.1
PUT,SPXW  260406P06370000,SPXW 04/06/2026 6370.00 P,6370.0,2026-04-06,8.85,8.8,26,8.9,32,9.11,1,538,147,-0.098,0.001,-3.078,1.355,-0.092,24.149,29.0,8.85,-238.1,247.21,6608.1
PUT,SPXW  260406P06375000,SPXW 04/06/2026 6375.00 P,6375.0,2026-04-06,9.15,9.1,47,9.2,13,9.5,8,1019,590,-0.102,0.001,-3.154,1.391,-0.096,24.022,29.0,9.2,-233.1,242.6,6608.1
PUT,SPXW  260406P06380000,SPXW 04/06/2026 6380.00 P,6380.0,2026-04-06,9.5,9.4,68,9.6,69,9.8,1,173,248,-0.105,0.001,-3.215,1.425,-0.099,23.849,29.0,9.5,-228.1,237.9,6608.1
PUT,SPXW  260406P06385000,SPXW 04/06/2026 6385.00 P,6385.0,2026-04-06,9.85,9.8,24,9.9,32,10.15,1,172,91,-0.109,0.001,-3.286,1.461,-0.102,23.703,29.0,9.85,-223.1,233.25,6608.1
PUT,SPXW  260406P06390000,SPXW 04/06/2026 6390.00 P,6390.0,2026-04-06,10.2,10.1,47,10.3,61,10.57,1,322,127,-0.113,0.001,-3.355,1.498,-0.106,23.547,29.0,10.2,-218.1,228.67,6608.1
PUT,SPXW  260406P06395000,SPXW 04/06/2026 6395.00 P,6395.0,2026-04-06,10.55,10.5,34,10.6,12,10.6,1,156,126,-0.117,0.001,-3.433,1.537,-0.11,23.414,29.0,10.6,-213.1,223.7,6608.1
PUT,SPXW  260406P06400000,SPXW 04/06/2026 6400.00 P,6400.0,2026-04-06,10.95,10.9,21,11.0,14,10.9,1,1460,828,-0.121,0.001,-3.497,1.573,-0.114,23.239,29.0,10.95,-208.1,219.0,6608.1
PUT,SPXW  260406P06405000,SPXW 04/06/2026 6405.00 P,6405.0,2026-04-06,11.35,11.3,21,11.4,15,11.42,10,135,283,-0.125,0.001,-3.569,1.612,-0.118,23.087,29.0,11.35,-203.1,214.52,6608.1
PUT,SPXW  260406P06410000,SPXW 04/06/2026 6410.00 P,6410.0,2026-04-06,11.75,11.7,26,11.8,11,11.9,8,298,231,-0.13,0.001,-3.65,1.653,-0.122,22.955,29.0,11.8,-198.1,210.0,6608.1
PUT,SPXW  260406P06415000,SPXW 04/06/2026 6415.00 P,6415.0,2026-04-06,12.2,12.1,39,12.3,54,12.68,1,282,113,-0.134,0.001,-3.717,1.691,-0.126,22.783,29.0,12.2,-193.1,205.78,6608.1
PUT,SPXW  260406P06420000,SPXW 04/06/2026 6420.00 P,6420.0,2026-04-06,12.65,12.6,19,12.7,25,13.3,3,333,193,-0.139,0.001,-3.789,1.732,-0.13,22.628,29.0,12.638,-188.1,201.4,6608.1
PUT,SPXW  260406P06425000,SPXW 04/06/2026 6425.00 P,6425.0,2026-04-06,13.1,13.0,41,13.2,55,13.17,10,810,332,-0.144,0.001,-3.862,1.773,-0.135,22.467,29.0,13.1,-183.1,196.27,6608.1
PUT,SPXW  260406P06430000,SPXW 04/06/2026 6430.00 P,6430.0,2026-04-06,13.6,13.5,36,13.7,48,14.22,20,623,253,-0.149,0.001,-3.941,1.816,-0.14,22.321,29.0,13.6,-178.1,192.32,6608.1
PUT,SPXW  260406P06435000,SPXW 04/06/2026 6435.00 P,6435.0,2026-04-06,14.1,14.0,32,14.2,49,14.93,2,76,176,-0.154,0.001,-4.015,1.858,-0.145,22.164,29.0,14.1,-173.1,188.03,6608.1
PUT,SPXW  260406P06440000,SPXW 04/06/2026 6440.00 P,6440.0,2026-04-06,14.6,14.5,43,14.7,29,15.46,2,314,1029,-0.159,0.001,-4.083,1.9,-0.15,21.994,29.0,14.588,-168.1,183.56,6608.1
PUT,SPXW  260406P06445000,SPXW 04/06/2026 6445.00 P,6445.0,2026-04-06,15.2,15.1,27,15.3,46,15.0,2,96,310,-0.165,0.001,-4.169,1.946,-0.155,21.867,29.0,15.187,-163.1,178.1,6608.1
PUT,SPXW  260406P06450000,SPXW 04/06/2026 6450.00 P,6450.0,2026-04-06,15.75,15.7,16,15.8,17,15.6,2,1655,1994,-0.171,0.001,-4.234,1.988,-0.161,21.68,29.0,15.7,-158.1,173.7,6608.1
PUT,SPXW  260406P06455000,SPXW 04/06/2026 6455.00 P,6455.0,2026-04-06,16.3,16.2,43,16.4,20,16.15,2,220,154,-0.177,0.002,-4.309,2.032,-0.166,21.528,29.0,16.289,-153.1,169.25,6608.1
PUT,SPXW  260406P06460000,SPXW 04/06/2026 6460.00 P,6460.0,2026-04-06,16.95,16.9,15,17.0,16,17.7,2,467,319,-0.183,0.002,-4.381,2.077,-0.172,21.365,29.0,16.889,-148.1,165.8,6608.1
PUT,SPXW  260406P06465000,SPXW 04/06/2026 6465.00 P,6465.0,2026-04-06,17.6,17.5,22,17.7,42,17.7,11,266,905,-0.19,0.002,-4.469,2.125,-0.179,21.24,29.0,17.6,-143.1,160.8,6608.1
PUT,SPXW  260406P06470000,SPXW 04/06/2026 6470.00 P,6470.0,2026-04-06,18.2,18.1,43,18.3,15,19.1,3,158,197,-0.196,0.002,-4.529,2.168,-0.185,21.051,29.0,18.186,-138.1,157.2,6608.1
PUT,SPXW  260406P06475000,SPXW 04/06/2026 6475.00 P,6475.0,2026-04-06,18.9,18.8,45,19.0,15,19.1,2,271,955,-0.203,0.002,-4.604,2.214,-0.191,20.898,29.0,18.887,-133.1,152.2,6608.1
PUT,SPXW  260406P06480000,SPXW 04/06/2026 6480.00 P,6480.0,2026-04-06,19.6,19.5,40,19.7,15,20.6,1,121,302,-0.211,0.002,-4.682,2.262,-0.198,20.754,29.0,19.638,-128.1,148.7,6608.1
PUT,SPXW  260406P06485000,SPXW 04/06/2026 6485.00 P,6485.0,2026-04-06,20.4,20.3,26,20.5,39,20.72,1,100,207,-0.218,0.002,-4.753,2.308,-0.205,20.597,29.0,20.388,-123.1,143.82,6608.1
PUT,SPXW  260406P06490000,SPXW 04/06/2026 6490.00 P,6490.0,2026-04-06,21.2,21.1,20,21.3,44,22.4,2,265,192,-0.226,0.002,-4.826,2.355,-0.213,20.448,29.0,21.189,-118.1,140.5,6608.1
PUT,SPXW  260406P06495000,SPXW 04/06/2026 6495.00 P,6495.0,2026-04-06,22.0,21.9,24,22.1,37,23.02,1,102,125,-0.234,0.002,-4.893,2.401,-0.22,20.285,29.0,21.989,-113.1,136.12,6608.1
PUT,SPXW  260406P06500000,SPXW 04/06/2026 6500.00 P,6500.0,2026-04-06,22.8,22.7,34,22.9,22,23.18,1,1943,2414,-0.242,0.002,-4.952,2.446,-0.228,20.109,29.0,22.79,-108.1,131.28,6608.1
PUT,SPXW  260406P06505000,SPXW 04/06/2026 6505.00 P,6505.0,2026-04-06,23.7,23.6,27,23.8,26,24.9,1,204,209,-0.251,0.002,-5.02,2.493,-0.236,19.959,29.0,23.69,-103.1,128.0,6608.1
PUT,SPXW  260406P06510000,SPXW 04/06/2026 6510.00 P,6510.0,2026-04-06,24.6,24.5,28,24.7,20,24.9,1,123,270,-0.26,0.002,-5.081,2.538,-0.244,19.794,29.0,24.591,-98.1,123.0,6608.1
PUT,SPXW  260406P06515000,SPXW 04/06/2026 6515.00 P,6515.0,2026-04-06,25.6,25.5,24,25.7,27,26.9,1,171,129,-0.269,0.002,-5.147,2.584,-0.253,19.654,29.0,25.591,-93.1,120.0,6608.1
PUT,SPXW  260406P06520000,SPXW 04/06/2026 6520.00 P,6520.0,2026-04-06,26.6,26.5,21,26.7,24,27.84,1,296,211,-0.278,0.002,-5.206,2.629,-0.262,19.498,29.0,26.592,-88.1,115.94,6608.1
PUT,SPXW  260406P06525000,SPXW 04/06/2026 6525.00 P,6525.0,2026-04-06,27.6,27.5,27,27.7,19,27.7,2,1131,594,-0.288,0.002,-5.257,2.672,-0.271,19.327,29.0,27.6,-83.1,110.8,6608.1
PUT,SPXW  260406P06530000,SPXW 04/06/2026 6530.00 P,6530.0,2026-04-06,28.7,28.6,25,28.8,23,28.8,2,173,239,-0.298,0.002,-5.311,2.715,-0.281,19.177,29.0,28.7,-78.1,106.9,6608.1
PUT,SPXW  260406P06535000,SPXW 04/06/2026 6535.00 P,6535.0,2026-04-06,29.8,29.7,25,29.9,19,31.6,1,66,48,-0.309,0.002,-5.355,2.757,-0.29,19.01,29.0,29.8,-73.1,104.7,6608.1
PUT,SPXW  260406P06540000,SPXW 04/06/2026 6540.00 P,6540.0,2026-04-06,31.0,30.9,22,31.1,18,33.0,8,177,303,-0.319,0.002,-5.403,2.798,-0.301,18.862,29.0,31.0,-68.1,101.1,6608.1
PUT,SPXW  260406P06545000,SPXW 04/06/2026 6545.00 P,6545.0,2026-04-06,32.2,32.1,23,32.3,18,36.45,1,93,135,-0.33,0.002,-5.447,2.837,-0.311,18.715,29.0,32.25,-63.1,99.55,6608.1
PUT,SPXW  260406P06550000,SPXW 04/06/2026 6550.00 P,6550.0,2026-04-06,33.5,33.4,22,33.6,18,34.95,1,865,826,-0.342,0.003,-5.48,2.875,-0.322,18.55,29.0,33.5,-58.1,93.05,6608.1
PUT,SPXW  260406P06555000,SPXW 04/06/2026 6555.00 P,6555.0,2026-04-06,34.8,34.7,22,34.9,17,36.82,1,78,82,-0.354,0.003,-5.513,2.911,-0.333,18.402,29.0,34.85,-53.1,89.92,6608.1
PUT,SPXW  260406P06560000,SPXW 04/06/2026 6560.00 P,6560.0,2026-04-06,36.2,36.1,20,36.3,16,36.7,2,136,180,-0.366,0.003,-5.535,2.945,-0.344,18.235,29.0,36.198,-48.1,84.8,6608.1
PUT,SPXW  260406P06565000,SPXW 04/06/2026 6565.00 P,6565.0,2026-04-06,37.65,37.5,22,37.8,19,42.06,1,192,172,-0.378,0.003,-5.551,2.976,-0.356,18.066,29.0,37.598,-43.1,85.16,6608.1
PUT,SPXW  260406P06570000,SPXW 04/06/2026 6570.00 P,6570.0,2026-04-06,39.15,39.0,19,39.3,18,39.4,10,49,370,-0.391,0.003,-5.566,3.006,-0.368,17.912,29.0,39.1,-38.1,77.5,6608.1
PUT,SPXW  260406P06575000,SPXW 04/06/2026 6575.00 P,6575.0,2026-04-06,40.7,40.6,15,40.8,15,42.75,1,270,167,-0.404,0.003,-5.576,3.032,-0.38,17.766,29.0,40.673,-33.1,75.85,6608.1
PUT,SPXW  260406P06580000,SPXW 04/06/2026 6580.00 P,6580.0,2026-04-06,42.3,42.2,14,42.4,14,42.8,6,178,162,-0.417,0.003,-5.576,3.056,-0.393,17.606,29.0,42.279,-28.1,70.9,6608.1
PUT,SPXW  260406P06585000,SPXW 04/06/2026 6585.00 P,6585.0,2026-04-06,43.95,43.8,25,44.1,17,44.5,6,54,115,-0.431,0.003,-5.567,3.077,-0.406,17.44,29.0,43.929,-23.1,67.6,6608.1
PUT,SPXW  260406P06590000,SPXW 04/06/2026 6590.00 P,6590.0,2026-04-06,45.7,45.6,14,45.8,14,45.7,1,305,261,-0.445,0.003,-5.559,3.094,-0.419,17.301,29.0,45.729,-18.1,63.8,6608.1
PUT,SPXW  260406P06595000,SPXW 04/06/2026 6595.00 P,6595.0,2026-04-06,47.55,47.4,14,47.7,17,50.43,1,139,111,-0.459,0.003,-5.531,3.107,-0.433,17.123,29.0,47.479,-13.1,63.53,6608.1
PUT,SPXW  260406P06600000,SPXW 04/06/2026 6600.00 P,6600.0,2026-04-06,49.4,49.3,14,49.5,14,49.92,1,1195,2116,-0.474,0.003,-5.504,3.117,-0.447,16.97,29.0,49.379,-8.1,58.02,6608.1
PUT,SPXW  260406P06605000,SPXW 04/06/2026 6605.00 P,6605.0,2026-04-06,51.35,51.2,14,51.5,16,51.7,2,76,187,-0.489,0.003,-5.468,3.122,-0.461,16.814,29.0,51.35,-3.1,54.8,6608.1
PUT,SPXW  260406P06610000,SPXW 04/06/2026 6610.00 P,6610.0,2026-04-06,53.35,53.2,14,53.5,14,53.87,1,107,136,-0.504,0.003,-5.416,3.124,-0.475,16.643,29.0,53.329,1.9,51.97,6608.1
PUT,SPXW  260406P06615000,SPXW 04/06/2026 6615.00 P,6615.0,2026-04-06,55.45,55.3,14,55.6,8,58.33,2,73,37,-0.518,0.003,-5.712,3.12,-0.489,17.578,29.0,58.842,6.9,51.43,6608.1
PUT,SPXW  260406P06620000,SPXW 04/06/2026 6620.00 P,6620.0,2026-04-06,57.65,57.5,14,57.8,10,58.2,1,131,101,-0.533,0.003,-5.646,3.113,-0.503,17.412,29.0,60.992,11.9,46.3,6608.1
PUT,SPXW  260406P06625000,SPXW 04/06/2026 6625.00 P,6625.0,2026-04-06,59.9,59.8,10,60.0,8,62.98,1,169,96,-0.548,0.003,-5.574,3.101,-0.517,17.254,29.0,63.242,16.9,46.08,6608.1
PUT,SPXW  260406P06630000,SPXW 04/06/2026 6630.00 P,6630.0,2026-04-06,62.25,62.1,9,62.4,9,64.0,2,113,29,-0.563,0.003,-5.49,3.084,-0.532,17.086,29.0,65.543,21.9,42.1,6608.1
PUT,SPXW  260406P06635000,SPXW 04/06/2026 6635.00 P,6635.0,2026-04-06,64.65,64.5,10,64.8,7,66.25,1,189,13,-0.578,0.003,-5.411,3.063,-0.546,16.957,29.0,68.043,26.9,39.35,6608.1
PUT,SPXW  260406P06640000,SPXW 04/06/2026 6640.00 P,6640.0,2026-04-06,67.15,67.0,10,67.3,7,80.8,5,132,16,-0.594,0.003,-5.316,3.037,-0.561,16.806,29.0,70.564,31.9,48.9,6608.1
PUT,SPXW  260406P06645000,SPXW 04/06/2026 6645.00 P,6645.0,2026-04-06,69.75,69.6,9,69.9,6,71.45,1,27,9,-0.61,0.003,-5.207,3.005,-0.576,16.642,29.0,73.112,36.9,34.55,6608.1
PUT,SPXW  260406P06650000,SPXW 04/06/2026 6650.00 P,6650.0,2026-04-06,72.45,72.3,8,72.6,8,77.37,2,270,34,-0.625,0.003,-5.091,2.968,-0.591,16.483,29.0,75.761,41.9,35.47,6608.1
PUT,SPXW  260406P06655000,SPXW 04/06/2026 6655.00 P,6655.0,2026-04-06,75.2,75.1,6,75.3,6,79.8,5,210,10,-0.641,0.003,-4.975,2.926,-0.606,16.346,29.0,78.564,46.9,32.9,6608.1
PUT,SPXW  260406P06660000,SPXW 04/06/2026 6660.00 P,6660.0,2026-04-06,78.05,77.9,7,78.2,5,81.9,1,260,45,-0.657,0.003,-4.852,2.879,-0.621,16.215,29.0,81.464,51.9,30.0,6608.1
PUT,SPXW  260406P06665000,SPXW 04/06/2026 6665.00 P,6665.0,2026-04-06,81.0,80.9,4,81.1,4,84.7,1,37,14,-0.673,0.003,-4.711,2.826,-0.636,16.055,29.0,84.364,56.9,27.8,6608.1
PUT,SPXW  260406P06670000,SPXW 04/06/2026 6670.00 P,6670.0,2026-04-06,84.05,83.9,5,84.2,5,96.13,1,142,2,-0.688,0.003,-4.577,2.77,-0.651,15.935,29.0,87.464,61.9,34.23,6608.1
PUT,SPXW  260406P06675000,SPXW 04/06/2026 6675.00 P,6675.0,2026-04-06,87.05,86.5,6,87.6,6,89.99,30,107,59,-0.704,0.003,-4.424,2.707,-0.666,15.784,29.0,90.564,66.9,23.09,6608.1
PUT,SPXW  260406P06680000,SPXW 04/06/2026 6680.00 P,6680.0,2026-04-06,90.9,86.8,3,95.0,4,98.49,1,82,3,-0.719,0.003,-4.267,2.639,-0.681,15.639,29.0,93.764,71.9,26.59,6608.1
PUT,SPXW  260406P06685000,SPXW 04/06/2026 6685.00 P,6685.0,2026-04-06,94.2,90.3,2,98.1,3,243.68,2,33,0,-0.735,0.003,-4.105,2.566,-0.695,15.497,29.0,97.056,76.9,166.78,6608.1
PUT,SPXW  260406P06690000,SPXW 04/06/2026 6690.00 P,6690.0,2026-04-06,97.4,93.3,3,101.5,3,105.04,1,155,1,-0.75,0.003,-3.941,2.489,-0.71,15.362,29.0,100.455,81.9,23.14,6608.1
PUT,SPXW  260406P06695000,SPXW 04/06/2026 6695.00 P,6695.0,2026-04-06,101.1,96.8,4,105.4,4,327.17,1,28,0,-0.765,0.003,-3.774,2.408,-0.724,15.234,29.0,103.955,86.9,240.27,6608.1
PUT,SPXW  260406P06700000,SPXW 04/06/2026 6700.00 P,6700.0,2026-04-06,104.4,101.8,2,107.0,9,104.75,5,474,76,-0.779,0.003,-3.607,2.324,-0.738,15.113,29.0,107.554,91.9,12.85,6608.1
PUT,SPXW  260406P06705000,SPXW 04/06/2026 6705.00 P,6705.0,2026-04-06,108.2,103.9,1,112.5,1,241.88,2,19,0,-0.793,0.002,-3.44,2.238,-0.751,15.001,29.0,111.253,96.9,144.98,6608.1
PUT,SPXW  260406P06710000,SPXW 04/06/2026 6710.00 P,6710.0,2026-04-06,112.0,107.7,1,116.3,3,114.88,1,139,22,-0.807,0.002,-3.265,2.147,-0.765,14.876,29.0,115.001,101.9,12.98,6608.1
PUT,SPXW  260406P06715000,SPXW 04/06/2026 6715.00 P,6715.0,2026-04-06,116.15,109.8,1,122.5,3,136.4,1,7,4,-0.82,0.002,-3.095,2.055,-0.778,14.763,29.0,118.855,106.9,29.5,6608.1
PUT,SPXW  260406P06720000,SPXW 04/06/2026 6720.00 P,6720.0,2026-04-06,120.2,113.8,1,126.6,1,124.48,1,130,4,-0.832,0.002,-2.929,1.962,-0.79,14.662,29.0,122.813,111.9,12.58,6608.1
PUT,SPXW  260406P06725000,SPXW 04/06/2026 6725.00 P,6725.0,2026-04-06,123.65,121.0,2,126.3,9,130.51,1,663,2,-0.845,0.002,-2.757,1.865,-0.802,14.549,29.0,126.805,116.9,13.61,6608.1
PUT,SPXW  260406P06730000,SPXW 04/06/2026 6730.00 P,6730.0,2026-04-06,127.6,120.8,3,134.4,2,161.7,1,65,3,-0.857,0.002,-2.585,1.767,-0.814,14.426,29.0,130.863,121.9,39.8,6608.1
PUT,SPXW  260406P06735000,SPXW 04/06/2026 6735.00 P,6735.0,2026-04-06,132.7,126.4,1,139.0,1,290.2,1,66,0,-0.868,0.002,-2.429,1.673,-0.824,14.348,29.0,135.055,126.9,163.3,6608.1
PUT,SPXW  260406P06740000,SPXW 04/06/2026 6740.00 P,6740.0,2026-04-06,136.8,130.4,1,143.2,1,149.53,1,37,1,-0.879,0.002,-2.264,1.575,-0.835,14.234,29.0,139.255,131.9,17.63,6608.1
PUT,SPXW  260406P06745000,SPXW 04/06/2026 6745.00 P,6745.0,2026-04-06,140.7,133.8,1,147.6,3,321.13,3,20,0,-0.889,0.002,-2.111,1.48,-0.845,14.145,29.0,143.555,136.9,184.23,6608.1
PUT,SPXW  260406P06750000,SPXW 04/06/2026 6750.00 P,6750.0,2026-04-06,144.8,142.1,2,147.5,2,149.9,1,664,107,-0.898,0.002,-1.975,1.392,-0.854,14.088,29.0,147.963,141.9,8.0,6608.1
PUT,SPXW  260406P06755000,SPXW 04/06/2026 6755.00 P,6755.0,2026-04-06,150.1,143.6,1,156.6,1,291.62,1,7,0,-0.907,0.002,-1.829,1.299,-0.863,13.992,29.0,152.363,146.9,144.72,6608.1
PUT,SPXW  260406P06760000,SPXW 04/06/2026 6760.00 P,6760.0,2026-04-06,153.65,146.9,1,160.4,1,167.68,1,23,1,-0.915,0.001,-1.701,1.214,-0.871,13.936,29.0,156.863,151.9,15.78,6608.1
PUT,SPXW  260406P06765000,SPXW 04/06/2026 6765.00 P,6765.0,2026-04-06,158.55,151.5,1,165.6,1,164.97,1,6,1,-0.923,0.001,-1.565,1.125,-0.88,13.842,29.0,161.363,156.9,8.07,6608.1
PUT,SPXW  260406P06770000,SPXW 04/06/2026 6770.00 P,6770.0,2026-04-06,162.85,156.1,3,169.6,1,179.1,1,46,2,-0.93,0.001,-1.453,1.046,-0.887,13.8,29.0,165.963,161.9,17.2,6608.1
PUT,SPXW  260406P06775000,SPXW 04/06/2026 6775.00 P,6775.0,2026-04-06,167.6,160.7,2,174.5,3,204.88,1,57,1,-0.937,0.001,-1.333,0.964,-0.894,13.72,29.0,170.563,166.9,37.98,6608.1
PUT,SPXW  260406P06780000,SPXW 04/06/2026 6780.00 P,6780.0,2026-04-06,172.25,165.3,2,179.2,1,415.1,1,50,0,-0.943,0.001,-1.241,0.897,-0.9,13.709,29.0,175.263,171.9,243.2,6608.1
PUT,SPXW  260406P06790000,SPXW 04/06/2026 6790.00 P,6790.0,2026-04-06,181.9,175.2,1,188.6,1,391.9,3,111,0,-0.954,0.001,-1.051,0.759,-0.911,13.617,29.0,184.688,181.9,210.0,6608.1
PUT,SPXW  260406P06800000,SPXW 04/06/2026 6800.00 P,6800.0,2026-04-06,191.15,184.4,1,197.9,1,206.89,50,169,54,-0.962,0.001,-0.899,0.644,-0.92,13.588,29.0,194.263,191.9,14.99,6608.1
PUT,SPXW  260406P06810000,SPXW 04/06/2026 6810.00 P,6810.0,2026-04-06,201.4,194.7,1,208.1,1,425.62,1,57,0,-0.969,0.001,-0.765,0.54,-0.928,13.552,29.0,203.913,201.9,223.72,6608.1
PUT,SPXW  260406P06820000,SPXW 04/06/2026 6820.00 P,6820.0,2026-04-06,210.45,203.3,1,217.6,1,232.13,2,39,2,-0.975,0.001,-0.663,0.458,-0.935,13.585,29.0,213.663,211.9,20.23,6608.1
PUT,SPXW  260406P06825000,SPXW 04/06/2026 6825.00 P,6825.0,2026-04-06,215.2,208.2,1,222.2,1,232.15,1,94,20,-0.977,0.001,-0.621,0.423,-0.937,13.619,29.0,218.563,216.9,15.25,6608.1
PUT,SPXW  260406P06830000,SPXW 04/06/2026 6830.00 P,6830.0,2026-04-06,221.25,211.4,1,231.1,1,337.76,40,116,0,-0.979,0.0,-0.577,0.387,-0.94,13.629,29.0,223.463,221.9,115.86,6608.1
PUT,SPXW  260406P06840000,SPXW 04/06/2026 6840.00 P,6840.0,2026-04-06,230.4,219.8,1,241.0,1,417.93,1,58,0,-0.983,0.0,-0.509,0.329,-0.945,13.711,29.0,233.313,231.9,186.03,6608.1
PUT,SPXW  260406P06850000,SPXW 04/06/2026 6850.00 P,6850.0,2026-04-06,240.85,231.9,25,249.8,25,257.0,1,141,21,-0.985,0.0,-0.462,0.287,-0.949,13.873,29.0,243.213,241.9,15.1,6608.1
PUT,SPXW  260406P06860000,SPXW 04/06/2026 6860.00 P,6860.0,2026-04-06,250.75,240.7,1,260.8,1,213.2,1,7,0,-0.987,0.0,-0.426,0.253,-0.952,14.072,29.0,253.137,251.9,-38.7,6608.1
PUT,SPXW  260406P06870000,SPXW 04/06/2026 6870.00 P,6870.0,2026-04-06,261.0,251.0,1,271.0,1,275.0,5,19,0,-0.989,0.0,-0.388,0.219,-0.955,14.221,29.0,263.062,261.9,13.1,6608.1
PUT,SPXW  260406P06875000,SPXW 04/06/2026 6875.00 P,6875.0,2026-04-06,265.85,256.0,1,275.7,1,374.78,2,33,0,-0.989,0.0,-0.389,0.217,-0.956,14.452,29.0,268.062,266.9,107.88,6608.1
PUT,SPXW  260406P06880000,SPXW 04/06/2026 6880.00 P,6880.0,2026-04-06,270.65,260.6,1,280.7,1,526.54,1,6,0,-0.991,0.0,-0.362,0.195,-0.958,14.437,29.0,273.012,271.9,254.64,6608.1
PUT,SPXW  260406P06890000,SPXW 04/06/2026 6890.00 P,6890.0,2026-04-06,280.9,270.9,1,290.9,1,473.4,3,45,0,-0.992,0.0,-0.336,0.171,-0.96,14.612,29.0,282.962,281.9,191.5,6608.1
PUT,SPXW  260406P06900000,SPXW 04/06/2026 6900.00 P,6900.0,2026-04-06,291.7,282.6,1,300.8,1,380.73,1,54,0,-0.992,0.0,-0.336,0.167,-0.962,15.055,29.0,292.962,291.9,88.83,6608.1
PUT,SPXW  260406P06910000,SPXW 04/06/2026 6910.00 P,6910.0,2026-04-06,299.85,290.4,1,309.3,1,520.41,1,6,0,-0.993,0.0,-0.309,0.143,-0.964,15.17,29.0,302.912,301.9,218.51,6608.1
PUT,SPXW  260406P06920000,SPXW 04/06/2026 6920.00 P,6920.0,2026-04-06,310.65,300.4,1,320.9,2,400.73,1,10,0,-0.994,0.0,-0.309,0.14,-0.966,15.602,29.0,312.912,311.9,88.83,6608.1
PUT,SPXW  260406P06925000,SPXW 04/06/2026 6925.00 P,6925.0,2026-04-06,316.7,307.5,1,325.9,2,421.45,2,30,0,-0.994,0.0,-0.309,0.139,-0.967,15.817,29.0,317.912,316.9,104.55,6608.1
PUT,SPXW  260406P06930000,SPXW 04/06/2026 6930.00 P,6930.0,2026-04-06,320.65,310.8,1,330.5,1,0.0,0,0,0,-0.994,0.0,-0.295,0.127,-0.968,15.842,29.0,322.887,321.9,-321.9,6608.1
PUT,SPXW  260406P06940000,SPXW 04/06/2026 6940.00 P,6940.0,2026-04-06,330.45,320.4,1,340.5,1,0.0,0,0,0,-0.995,0.0,-0.281,0.114,-0.97,16.058,29.0,332.862,331.9,-331.9,6608.1
PUT,SPXW  260406P06950000,SPXW 04/06/2026 6950.00 P,6950.0,2026-04-06,339.3,335.9,6,342.7,6,434.33,1,319,0,-0.995,0.0,-0.281,0.112,-0.971,16.475,29.0,342.862,341.9,92.43,6608.1
PUT,SPXW  260406P06975000,SPXW 04/06/2026 6975.00 P,6975.0,2026-04-06,365.25,355.0,1,375.5,1,525.67,1,40,0,-0.996,0.0,-0.267,0.097,-0.976,17.267,29.0,367.837,366.9,158.77,6608.1
PUT,SPXW  260406P07000000,SPXW 04/06/2026 7000.00 P,7000.0,2026-04-06,391.4,382.4,1,400.4,1,596.07,1,7,0,-0.996,0.0,-0.252,0.082,-0.98,17.992,29.0,392.812,391.9,204.17,6608.1
PUT,SPXW  260406P07025000,SPXW 04/06/2026 7025.00 P,7025.0,2026-04-06,416.35,407.3,1,425.4,1,635.59,1,1,0,-0.997,0.0,-0.252,0.079,-0.983,18.99,29.0,417.812,416.9,218.69,6608.1
PUT,SPXW  260406P07050000,SPXW 04/06/2026 7050.00 P,7050.0,2026-04-06,441.35,432.3,1,450.4,1,233.0,1,1,0,-0.997,0.0,-0.237,0.066,-0.988,19.615,29.0,442.787,441.9,-208.9,6608.1
PUT,SPXW  260406P07075000,SPXW 04/06/2026 7075.00 P,7075.0,2026-04-06,466.5,457.3,1,475.7,1,625.65,1,1,0,-0.998,0.0,-0.22,0.053,-0.992,20.149,29.0,467.761,466.9,158.75,6608.1
PUT,SPXW  260406P07100000,SPXW 04/06/2026 7100.00 P,7100.0,2026-04-06,490.5,480.4,1,500.6,1,726.83,2,9,0,-0.998,0.0,-0.221,0.051,-0.995,21.086,29.0,492.761,491.9,234.93,6608.1
PUT,SPXW  260406P07125000,SPXW 04/06/2026 7125.00 P,7125.0,2026-04-06,516.25,507.2,1,525.3,1,0.0,0,0,0,-0.998,0.0,-0.221,0.05,-0.999,22.016,29.0,517.761,516.9,-516.9,6608.1
PUT,SPXW  260406P07150000,SPXW 04/06/2026 7150.00 P,7150.0,2026-04-06,540.25,530.2,1,550.3,1,820.62,6,6,0,-0.998,0.0,-0.204,0.038,-1.003,22.362,29.0,542.736,541.9,278.72,6608.1
PUT,SPXW  260406P07175000,SPXW 04/06/2026 7175.00 P,7175.0,2026-04-06,566.55,557.5,1,575.6,2,0.0,0,0,0,-0.998,0.0,-0.204,0.037,-1.006,23.259,29.0,567.736,566.9,-566.9,6608.1
PUT,SPXW  260406P07200000,SPXW 04/06/2026 7200.00 P,7200.0,2026-04-06,591.2,582.2,1,600.2,1,870.95,6,9,0,-0.999,0.0,-0.187,0.026,-1.01,23.345,29.0,592.711,591.9,279.05,6608.1
PUT,SPXW  260406P07225000,SPXW 04/06/2026 7225.00 P,7225.0,2026-04-06,615.15,605.1,1,625.2,1,408.24,1,0,0,-0.999,0.0,-0.187,0.026,-1.014,24.214,29.0,617.711,616.9,-208.66,6608.1
PUT,SPXW  260406P07250000,SPXW 04/06/2026 7250.00 P,7250.0,2026-04-06,640.05,629.9,1,650.2,1,431.92,1,0,0,-0.999,0.0,-0.187,0.025,-1.017,25.063,29.0,642.711,641.9,-209.98,6608.1
PUT,SPXW  260406P07275000,SPXW 04/06/2026 7275.00 P,7275.0,2026-04-06,665.7,655.9,1,675.5,2,0.0,0,0,0,-0.999,0.0,-0.187,0.024,-1.021,25.911,29.0,667.71,666.9,-666.9,6608.1
PUT,SPXW  260406P07300000,SPXW 04/06/2026 7300.00 P,7300.0,2026-04-06,691.25,682.4,1,700.1,1,0.0,0,0,0,-0.999,0.0,-0.168,0.014,-1.025,25.38,29.0,692.685,691.9,-691.9,6608.1
PUT,SPXW  260406P07325000,SPXW 04/06/2026 7325.00 P,7325.0,2026-04-06,715.6,706.1,1,725.1,1,0.0,0,0,0,-0.999,0.0,-0.168,0.013,-1.028,26.182,29.0,717.685,716.9,-716.9,6608.1
PUT,SPXW  260406P07350000,SPXW 04/06/2026 7350.00 P,7350.0,2026-04-06,740.3,730.3,1,750.3,1,0.0,0,0,0,-0.999,0.0,-0.168,0.013,-1.032,26.979,29.0,742.685,741.9,-741.9,6608.1
PUT,SPXW  260406P07400000,SPXW 04/06/2026 7400.00 P,7400.0,2026-04-06,790.4,780.7,1,800.1,1,0.0,0,0,0,-0.999,0.0,-0.168,0.012,-1.039,28.571,29.0,792.685,791.9,-791.9,6608.1
PUT,SPXW  260406P07500000,SPXW 04/06/2026 7500.00 P,7500.0,2026-04-06,890.35,882.0,1,898.7,1,0.0,0,0,0,-0.999,0.0,-0.168,0.011,-1.053,31.686,29.0,892.684,891.9,-891.9,6608.1
PUT,SPXW  260406P07600000,SPXW 04/06/2026 7600.00 P,7600.0,2026-04-06,990.2,980.2,1,1000.2,1,0.0,0,0,0,-1.0,0.0,-0.169,0.01,-1.067,34.75,29.0,992.684,991.9,-991.9,6608.1
PUT,SPXW  260406P07800000,SPXW 04/06/2026 7800.00 P,7800.0,2026-04-06,1190.95,1182.1,1,1199.8,1,0.0,0,0,0,-1.0,0.0,-0.168,0.009,-1.095,40.658,29.0,1192.683,1191.9,-1191.9,6608.1
PUT,SPXW  260406P08000000,SPXW 04/06/2026 8000.00 P,8000.0,2026-04-06,1390.8,1381.9,1,1399.7,1,1374.52,1,1,0,-1.0,0.0,-0.168,0.008,-1.123,46.378,29.0,1392.682,1391.9,-17.38,6608.1
PUT,SPXW  260406P08200000,SPXW 04/06/2026 8200.00 P,8200.0,2026-04-06,1589.65,1579.4,1,1599.9,1,0.0,0,0,0,-1.0,0.0,-0.168,0.007,-1.151,51.931,29.0,1592.681,1591.9,-1591.9,6608.1
PUT,SPXW  260406P08400000,SPXW 04/06/2026 8400.00 P,8400.0,2026-04-06,1790.6,1781.7,1,1799.5,1,0.0,0,0,0,-1.0,0.0,-0.168,0.007,-1.179,57.249,29.0,1792.68,1791.9,-1791.9,6608.1
PUT,SPXW  260406P08600000,SPXW 04/06/2026 8600.00 P,8600.0,2026-04-06,1990.5,1981.6,1,1999.4,1,0.0,0,0,0,-1.0,0.0,-0.168,0.006,-1.208,62.483,29.0,1992.679,1991.9,-1991.9,6608.1
PUT,SPXW  260406P08800000,SPXW 04/06/2026 8800.00 P,8800.0,2026-04-06,2189.4,2179.5,1,2199.3,1,0.0,0,0,0,-1.0,0.0,-0.168,0.006,-1.236,67.474,29.0,2192.678,2191.9,-2191.9,6608.1
PUT,SPXW  260406P09000000,SPXW 04/06/2026 9000.00 P,9000.0,2026-04-06,2389.5,2379.8,1,2399.2,1,0.0,0,2,0,-1.0,0.0,-0.168,0.006,-1.264,72.419,29.0,2392.677,2391.9,-2391.9,6608.1
