type,mark,ask,bid,delta,strike,description,underlying_price,volatility,expiration
CALL,1183.46,1183.96,1182.96,1.0,4720.0,SPXW_2025-01-03_C_4720,5903.46,18.4063,2025-01-03
CALL,1178.46,1178.96,1177.96,1.0,4725.0,SPXW_2025-01-03_C_4725,5903.46,18.4063,2025-01-03
CALL,1173.46,1173.96,1172.96,1.0,4730.0,SPXW_2025-01-03_C_4730,5903.46,18.4063,2025-01-03
CALL,1168.46,1168.96,1167.96,1.0,4735.0,SPXW_2025-01-03_C_4735,5903.46,18.4063,2025-01-03
CALL,1163.46,1163.96,1162.96,1.0,4740.0,SPXW_2025-01-03_C_4740,5903.46,18.4063,2025-01-03
CALL,1158.46,1158.96,1157.96,1.0,4745.0,SPXW_2025-01-03_C_4745,5903.46,18.4063,2025-01-03
CALL,1153.46,1153.96,1152.96,1.0,4750.0,SPXW_2025-01-03_C_4750,5903.46,18.4063,2025-01-03
CALL,1148.46,1148.96,1147.96,1.0,4755.0,SPXW_2025-01-03_C_4755,5903.46,18.4063,2025-01-03
CALL,1143.46,1143.96,1142.96,1.0,4760.0,SPXW_2025-01-03_C_4760,5903.46,18.4063,2025-01-03
CALL,1138.46,1138.96,1137.96,1.0,4765.0,SPXW_2025-01-03_C_4765,5903.46,18.4063,2025-01-03
CALL,1133.46,1133.96,1132.96,1.0,4770.0,SPXW_2025-01-03_C_4770,5903.46,18.4063,2025-01-03
CALL,1128.46,1128.96,1127.96,1.0,4775.0,SPXW_2025-01-03_C_4775,5903.46,18.4063,2025-01-03
CALL,1123.46,1123.96,1122.96,1.0,4780.0,SPXW_2025-01-03_C_4780,5903.46,18.4063,2025-01-03
CALL,1118.46,1118.96,1117.96,1.0,4785.0,SPXW_2025-01-03_C_4785,5903.46,18.4063,2025-01-03
CALL,1113.46,1113.96,1112.96,1.0,4790.0,SPXW_2025-01-03_C_4790,5903.46,18.4063,2025-01-03
CALL,1108.46,1108.96,1107.96,1.0,4795.0,SPXW_2025-01-03_C_4795,5903.46,18.4063,2025-01-03
CALL,1103.46,1103.96,1102.96,1.0,4800.0,SPXW_2025-01-03_C_4800,5903.46,18.4063,2025-01-03
CALL,1098.46,1098.96,1097.96,1.0,4805.0,SPXW_2025-01-03_C_4805,5903.46,18.4063,2025-01-03
CALL,1093.46,1093.96,1092.96,1.0,4810.0,SPXW_2025-01-03_C_4810,5903.46,18.4063,2025-01-03
CALL,1088.46,1088.96,1087.96,1.0,4815.0,SPXW_2025-01-03_C_4815,5903.46,18.4063,2025-01-03
CALL,1083.46,1083.96,1082.96,1.0,4820.0,SPXW_2025-01-03_C_4820,5903.46,18.4063,2025-01-03
CALL,1078.46,1078.96,1077.96,1.0,4825.0,SPXW_2025-01-03_C_4825,5903.46,18.4063,2025-01-03
CALL,1073.46,1073.96,1072.96,1.0,4830.0,SPXW_2025-01-03_C_4830,5903.46,18.4063,2025-01-03
CALL,1068.46,1068.96,1067.96,1.0,4835.0,SPXW_2025-01-03_C_4835,5903.46,18.4063,2025-01-03
CALL,1063.46,1063.96,1062.96,1.0,4840.0,SPXW_2025-01-03_C_4840,5903.46,18.4063,2025-01-03
CALL,1058.46,1058.96,1057.96,1.0,4845.0,SPXW_2025-01-03_C_4845,5903.46,18.4063,2025-01-03
CALL,1053.46,1053.96,1052.96,1.0,4850.0,SPXW_2025-01-03_C_4850,5903.46,18.4063,2025-01-03
CALL,1048.46,1048.96,1047.96,1.0,4855.0,SPXW_2025-01-03_C_4855,5903.46,18.4063,2025-01-03
CALL,1043.46,1043.96,1042.96,1.0,4860.0,SPXW_2025-01-03_C_4860,5903.46,18.4063,2025-01-03
CALL,1038.46,1038.96,1037.96,1.0,4865.0,SPXW_2025-01-03_C_4865,5903.46,18.4063,2025-01-03
CALL,1033.46,1033.96,1032.96,1.0,4870.0,SPXW_2025-01-03_C_4870,5903.46,18.4063,2025-01-03
CALL,1028.46,1028.96,1027.96,1.0,4875.0,SPXW_2025-01-03_C_4875,5903.46,18.4063,2025-01-03
CALL,1023.46,1023.96,1022.96,1.0,4880.0,SPXW_2025-01-03_C_4880,5903.46,18.4063,2025-01-03
CALL,1018.46,1018.96,1017.96,1.0,4885.0,SPXW_2025-01-03_C_4885,5903.46,18.4063,2025-01-03
CALL,1013.46,1013.96,1012.96,1.0,4890.0,SPXW_2025-01-03_C_4890,5903.46,18.4063,2025-01-03
CALL,1008.46,1008.96,1007.96,1.0,4895.0,SPXW_2025-01-03_C_4895,5903.46,18.4063,2025-01-03
CALL,1003.46,1003.96,1002.96,1.0,4900.0,SPXW_2025-01-03_C_4900,5903.46,18.4063,2025-01-03
CALL,998.46,998.96,997.96,1.0,4905.0,SPXW_2025-01-03_C_4905,5903.46,18.4063,2025-01-03
CALL,993.46,993.96,992.96,1.0,4910.0,SPXW_2025-01-03_C_4910,5903.46,18.4063,2025-01-03
CALL,988.46,988.96,987.96,1.0,4915.0,SPXW_2025-01-03_C_4915,5903.46,18.4063,2025-01-03
CALL,983.46,983.96,982.96,1.0,4920.0,SPXW_2025-01-03_C_4920,5903.46,18.4063,2025-01-03
CALL,978.46,978.96,977.96,1.0,4925.0,SPXW_2025-01-03_C_4925,5903.46,18.4063,2025-01-03
CALL,973.46,973.96,972.96,1.0,4930.0,SPXW_2025-01-03_C_4930,5903.46,18.4063,2025-01-03
CALL,968.46,968.96,967.96,1.0,4935.0,SPXW_2025-01-03_C_4935,5903.46,18.4063,2025-01-03
CALL,963.46,963.96,962.96,1.0,4940.0,SPXW_2025-01-03_C_4940,5903.46,18.4063,2025-01-03
CALL,958.46,958.96,957.96,1.0,4945.0,SPXW_2025-01-03_C_4945,5903.46,18.4063,2025-01-03
CALL,953.46,953.96,952.96,1.0,4950.0,SPXW_2025-01-03_C_4950,5903.46,18.4063,2025-01-03
CALL,948.46,948.96,947.96,1.0,4955.0,SPXW_2025-01-03_C_4955,5903.46,18.4063,2025-01-03
CALL,943.46,943.96,942.96,1.0,4960.0,SPXW_2025-01-03_C_4960,5903.46,18.4063,2025-01-03
CALL,938.46,938.96,937.96,1.0,4965.0,SPXW_2025-01-03_C_4965,5903.46,18.4063,2025-01-03
CALL,933.46,933.96,932.96,1.0,4970.0,SPXW_2025-01-03_C_4970,5903.46,18.4063,2025-01-03
CALL,928.46,928.96,927.96,1.0,4975.0,SPXW_2025-01-03_C_4975,5903.46,18.4063,2025-01-03
CALL,923.46,923.96,922.96,1.0,4980.0,SPXW_2025-01-03_C_4980,5903.46,18.4063,2025-01-03
CALL,918.46,918.96,917.96,1.0,4985.0,SPXW_2025-01-03_C_4985,5903.46,18.4063,2025-01-03
CALL,913.46,913.96,912.96,1.0,4990.0,SPXW_2025-01-03_C_4990,5903.46,18.4063,2025-01-03
CALL,908.46,908.96,907.96,1.0,4995.0,SPXW_2025-01-03_C_4995,5903.46,18.4063,2025-01-03
CALL,903.46,903.96,902.96,1.0,5000.0,SPXW_2025-01-03_C_5000,5903.46,18.4063,2025-01-03
CALL,898.46,898.96,897.96,1.0,5005.0,SPXW_2025-01-03_C_5005,5903.46,18.4063,2025-01-03
CALL,893.46,893.96,892.96,1.0,5010.0,SPXW_2025-01-03_C_5010,5903.46,18.4063,2025-01-03
CALL,888.46,888.96,887.96,1.0,5015.0,SPXW_2025-01-03_C_5015,5903.46,18.4063,2025-01-03
CALL,883.46,883.96,882.96,1.0,5020.0,SPXW_2025-01-03_C_5020,5903.46,18.4063,2025-01-03
CALL,878.46,878.96,877.96,1.0,5025.0,SPXW_2025-01-03_C_5025,5903.46,18.4063,2025-01-03
CALL,873.46,873.96,872.96,1.0,5030.0,SPXW_2025-01-03_C_5030,5903.46,18.4063,2025-01-03
CALL,868.46,868.96,867.96,1.0,5035.0,SPXW_2025-01-03_C_5035,5903.46,18.4063,2025-01-03
CALL,863.46,863.96,862.96,1.0,5040.0,SPXW_2025-01-03_C_5040,5903.46,18.4063,2025-01-03
CALL,858.46,858.96,857.96,1.0,5045.0,SPXW_2025-01-03_C_5045,5903.46,18.4063,2025-01-03
CALL,853.46,853.96,852.96,1.0,5050.0,SPXW_2025-01-03_C_5050,5903.46,18.4063,2025-01-03
CALL,848.46,848.96,847.96,1.0,5055.0,SPXW_2025-01-03_C_5055,5903.46,18.4063,2025-01-03
CALL,843.46,843.96,842.96,1.0,5060.0,SPXW_2025-01-03_C_5060,5903.46,18.4063,2025-01-03
CALL,838.46,838.96,837.96,1.0,5065.0,SPXW_2025-01-03_C_5065,5903.46,18.4063,2025-01-03
CALL,833.46,833.96,832.96,1.0,5070.0,SPXW_2025-01-03_C_5070,5903.46,18.4063,2025-01-03
CALL,828.46,828.96,827.96,1.0,5075.0,SPXW_2025-01-03_C_5075,5903.46,18.4063,2025-01-03
CALL,823.46,823.96,822.96,1.0,5080.0,SPXW_2025-01-03_C_5080,5903.46,18.4063,2025-01-03
CALL,818.46,818.96,817.96,1.0,5085.0,SPXW_2025-01-03_C_5085,5903.46,18.4063,2025-01-03
CALL,813.46,813.96,812.96,1.0,5090.0,SPXW_2025-01-03_C_5090,5903.46,18.4063,2025-01-03
CALL,808.46,808.96,807.96,1.0,5095.0,SPXW_2025-01-03_C_5095,5903.46,18.4063,2025-01-03
CALL,803.46,803.96,802.96,1.0,5100.0,SPXW_2025-01-03_C_5100,5903.46,18.4063,2025-01-03
CALL,798.46,798.96,797.96,1.0,5105.0,SPXW_2025-01-03_C_5105,5903.46,18.4063,2025-01-03
CALL,793.46,793.96,792.96,1.0,5110.0,SPXW_2025-01-03_C_5110,5903.46,18.4063,2025-01-03
CALL,788.46,788.96,787.96,1.0,5115.0,SPXW_2025-01-03_C_5115,5903.46,18.4063,2025-01-03
CALL,783.46,783.96,782.96,1.0,5120.0,SPXW_2025-01-03_C_5120,5903.46,18.4063,2025-01-03
CALL,778.46,778.96,777.96,1.0,5125.0,SPXW_2025-01-03_C_5125,5903.46,18.4063,2025-01-03
CALL,773.46,773.96,772.96,1.0,5130.0,SPXW_2025-01-03_C_5130,5903.46,18.4063,2025-01-03
CALL,768.46,768.96,767.96,1.0,5135.0,SPXW_2025-01-03_C_5135,5903.46,18.4063,2025-01-03
CALL,763.46,763.96,762.96,1.0,5140.0,SPXW_2025-01-03_C_5140,5903.46,18.4063,2025-01-03
CALL,758.46,758.96,757.96,1.0,5145.0,SPXW_2025-01-03_C_5145,5903.46,18.4063,2025-01-03
CALL,753.46,753.96,752.96,1.0,5150.0,SPXW_2025-01-03_C_5150,5903.46,18.4063,2025-01-03
CALL,748.46,748.96,747.96,1.0,5155.0,SPXW_2025-01-03_C_5155,5903.46,18.4063,2025-01-03
CALL,743.46,743.96,742.96,1.0,5160.0,SPXW_2025-01-03_C_5160,5903.46,18.4063,2025-01-03
CALL,738.46,738.96,737.96,1.0,5165.0,SPXW_2025-01-03_C_5165,5903.46,18.4063,2025-01-03
CALL,733.46,733.96,732.96,1.0,5170.0,SPXW_2025-01-03_C_5170,5903.46,18.4063,2025-01-03
CALL,728.46,728.96,727.96,1.0,5175.0,SPXW_2025-01-03_C_5175,5903.46,18.4063,2025-01-03
CALL,723.46,723.96,722.96,1.0,5180.0,SPXW_2025-01-03_C_5180,5903.46,18.4063,2025-01-03
CALL,718.46,718.96,717.96,1.0,5185.0,SPXW_2025-01-03_C_5185,5903.46,18.4063,2025-01-03
CALL,713.46,713.96,712.96,1.0,5190.0,SPXW_2025-01-03_C_5190,5903.46,18.4063,2025-01-03
CALL,708.46,708.96,707.96,1.0,5195.0,SPXW_2025-01-03_C_5195,5903.46,18.4063,2025-01-03
CALL,703.46,703.96,702.96,1.0,5200.0,SPXW_2025-01-03_C_5200,5903.46,18.4063,2025-01-03
CALL,698.46,698.96,697.96,1.0,5205.0,SPXW_2025-01-03_C_5205,5903.46,18.4063,2025-01-03
CALL,693.46,693.96,692.96,1.0,5210.0,SPXW_2025-01-03_C_5210,5903.46,18.4063,2025-01-03
CALL,688.46,688.96,687.96,1.0,5215.0,SPXW_2025-01-03_C_5215,5903.46,18.4063,2025-01-03
CALL,683.46,683.96,682.96,1.0,5220.0,SPXW_2025-01-03_C_5220,5903.46,18.4063,2025-01-03
CALL,678.46,678.96,677.96,1.0,5225.0,SPXW_2025-01-03_C_5225,5903.46,18.4063,2025-01-03
CALL,673.46,673.96,672.96,1.0,5230.0,SPXW_2025-01-03_C_5230,5903.46,18.4063,2025-01-03
CALL,668.46,668.96,667.96,1.0,5235.0,SPXW_2025-01-03_C_5235,5903.46,18.4063,2025-01-03
CALL,663.46,663.96,662.96,1.0,5240.0,SPXW_2025-01-03_C_5240,5903.46,18.4063,2025-01-03
CALL,658.46,658.96,657.96,1.0,5245.0,SPXW_2025-01-03_C_5245,5903.46,18.4063,2025-01-03
CALL,653.46,653.96,652.96,1.0,5250.0,SPXW_2025-01-03_C_5250,5903.46,18.4063,2025-01-03
CALL,648.46,648.96,647.96,1.0,5255.0,SPXW_2025-01-03_C_5255,5903.46,18.4063,2025-01-03
CALL,643.46,643.96,642.96,1.0,5260.0,SPXW_2025-01-03_C_5260,5903.46,18.4063,2025-01-03
CALL,638.46,638.96,637.96,1.0,5265.0,SPXW_2025-01-03_C_5265,5903.46,18.4063,2025-01-03
CALL,633.46,633.96,632.96,1.0,5270.0,SPXW_2025-01-03_C_5270,5903.46,18.4063,2025-01-03
CALL,628.46,628.96,627.96,1.0,5275.0,SPXW_2025-01-03_C_5275,5903.46,18.4063,2025-01-03
CALL,623.46,623.96,622.96,1.0,5280.0,SPXW_2025-01-03_C_5280,5903.46,18.4063,2025-01-03
CALL,618.46,618.96,617.96,1.0,5285.0,SPXW_2025-01-03_C_5285,5903.46,18.4063,2025-01-03
CALL,613.46,613.96,612.96,1.0,5290.0,SPXW_2025-01-03_C_5290,5903.46,18.4063,2025-01-03
CALL,608.46,608.96,607.96,1.0,5295.0,SPXW_2025-01-03_C_5295,5903.46,18.4063,2025-01-03
CALL,603.46,603.96,602.96,1.0,5300.0,SPXW_2025-01-03_C_5300,5903.46,18.4063,2025-01-03
CALL,598.46,598.96,597.96,1.0,5305.0,SPXW_2025-01-03_C_5305,5903.46,18.4063,2025-01-03
CALL,593.46,593.96,592.96,1.0,5310.0,SPXW_2025-01-03_C_5310,5903.46,18.4063,2025-01-03
CALL,588.46,588.96,587.96,1.0,5315.0,SPXW_2025-01-03_C_5315,5903.46,18.4063,2025-01-03
CALL,583.46,583.96,582.96,1.0,5320.0,SPXW_2025-01-03_C_5320,5903.46,18.4063,2025-01-03
CALL,578.46,578.96,577.96,1.0,5325.0,SPXW_2025-01-03_C_5325,5903.46,18.4063,2025-01-03
CALL,573.46,573.96,572.96,1.0,5330.0,SPXW_2025-01-03_C_5330,5903.46,18.4063,2025-01-03
CALL,568.46,568.96,567.96,1.0,5335.0,SPXW_2025-01-03_C_5335,5903.46,18.4063,2025-01-03
CALL,563.46,563.96,562.96,1.0,5340.0,SPXW_2025-01-03_C_5340,5903.46,18.4063,2025-01-03
CALL,558.46,558.96,557.96,1.0,5345.0,SPXW_2025-01-03_C_5345,5903.46,18.4063,2025-01-03
CALL,553.46,553.96,552.96,1.0,5350.0,SPXW_2025-01-03_C_5350,5903.46,18.4063,2025-01-03
CALL,548.46,548.96,547.96,1.0,5355.0,SPXW_2025-01-03_C_5355,5903.46,18.4063,2025-01-03
CALL,543.46,543.96,542.96,1.0,5360.0,SPXW_2025-01-03_C_5360,5903.46,18.4063,2025-01-03
CALL,538.46,538.96,537.96,1.0,5365.0,SPXW_2025-01-03_C_5365,5903.46,18.4063,2025-01-03
CALL,533.46,533.96,532.96,1.0,5370.0,SPXW_2025-01-03_C_5370,5903.46,18.4063,2025-01-03
CALL,528.46,528.96,527.96,1.0,5375.0,SPXW_2025-01-03_C_5375,5903.46,18.4063,2025-01-03
CALL,523.46,523.96,522.96,1.0,5380.0,SPXW_2025-01-03_C_5380,5903.46,18.4063,2025-01-03
CALL,518.46,518.96,517.96,1.0,5385.0,SPXW_2025-01-03_C_5385,5903.46,18.4063,2025-01-03
CALL,513.46,513.96,512.96,1.0,5390.0,SPXW_2025-01-03_C_5390,5903.46,18.4063,2025-01-03
CALL,508.46000000000004,508.96,507.96,1.0,5395.0,SPXW_2025-01-03_C_5395,5903.46,18.4063,2025-01-03
CALL,503.46000000000004,503.96,502.96,1.0,5400.0,SPXW_2025-01-03_C_5400,5903.46,18.4063,2025-01-03
CALL,498.46000000000004,498.96,497.96,1.0,5405.0,SPXW_2025-01-03_C_5405,5903.46,18.4063,2025-01-03
CALL,493.46000000000004,493.96,492.96,1.0,5410.0,SPXW_2025-01-03_C_5410,5903.46,18.4063,2025-01-03
CALL,488.46000000000004,488.96,487.96,1.0,5415.0,SPXW_2025-01-03_C_5415,5903.46,18.4063,2025-01-03
CALL,483.46000000000004,483.96,482.96,1.0,5420.0,SPXW_2025-01-03_C_5420,5903.46,18.4063,2025-01-03
CALL,478.46000000000004,478.96,477.96,1.0,5425.0,SPXW_2025-01-03_C_5425,5903.46,18.4063,2025-01-03
CALL,473.46000000000004,473.96,472.96,1.0,5430.0,SPXW_2025-01-03_C_5430,5903.46,18.4063,2025-01-03
CALL,468.46000000000004,468.96,467.96,1.0,5435.0,SPXW_2025-01-03_C_5435,5903.46,18.4063,2025-01-03
CALL,463.46000000000004,463.96,462.96,1.0,5440.0,SPXW_2025-01-03_C_5440,5903.46,18.4063,2025-01-03
CALL,458.46000000000004,458.96,457.96,1.0,5445.0,SPXW_2025-01-03_C_5445,5903.46,18.4063,2025-01-03
CALL,453.46000000000004,453.96,452.96,1.0,5450.0,SPXW_2025-01-03_C_5450,5903.46,18.4063,2025-01-03
CALL,448.46000000000004,448.96,447.96,1.0,5455.0,SPXW_2025-01-03_C_5455,5903.46,18.4063,2025-01-03
CALL,443.46000000000004,443.96,442.96,1.0,5460.0,SPXW_2025-01-03_C_5460,5903.46,18.4063,2025-01-03
CALL,438.46000000000004,438.96,437.96,1.0,5465.0,SPXW_2025-01-03_C_5465,5903.46,18.4063,2025-01-03
CALL,433.46000000000004,433.96,432.96,1.0,5470.0,SPXW_2025-01-03_C_5470,5903.46,18.4063,2025-01-03
CALL,428.46000000000004,428.96,427.96,1.0,5475.0,SPXW_2025-01-03_C_5475,5903.46,18.4063,2025-01-03
CALL,423.46000000000004,423.96,422.96,1.0,5480.0,SPXW_2025-01-03_C_5480,5903.46,18.4063,2025-01-03
CALL,418.46000000000004,418.96,417.96,1.0,5485.0,SPXW_2025-01-03_C_5485,5903.46,18.4063,2025-01-03
CALL,413.46000000000004,413.96,412.96,1.0,5490.0,SPXW_2025-01-03_C_5490,5903.46,18.4063,2025-01-03
CALL,408.46000000000004,408.96,407.96,1.0,5495.0,SPXW_2025-01-03_C_5495,5903.46,18.4063,2025-01-03
CALL,403.46000000000004,403.96,402.96,1.0,5500.0,SPXW_2025-01-03_C_5500,5903.46,18.4063,2025-01-03
CALL,398.46000000000004,398.96,397.96,1.0,5505.0,SPXW_2025-01-03_C_5505,5903.46,18.4063,2025-01-03
CALL,393.46000000000004,393.96,392.96,1.0,5510.0,SPXW_2025-01-03_C_5510,5903.46,18.4063,2025-01-03
CALL,388.46000000000004,388.96,387.96,1.0,5515.0,SPXW_2025-01-03_C_5515,5903.46,18.4063,2025-01-03
CALL,383.46000000000004,383.96,382.96,1.0,5520.0,SPXW_2025-01-03_C_5520,5903.46,18.4063,2025-01-03
CALL,378.46000000000004,378.96,377.96,1.0,5525.0,SPXW_2025-01-03_C_5525,5903.46,18.4063,2025-01-03
CALL,373.46000000000004,373.96,372.96,1.0,5530.0,SPXW_2025-01-03_C_5530,5903.46,18.4063,2025-01-03
CALL,368.46000000000004,368.96,367.96,1.0,5535.0,SPXW_2025-01-03_C_5535,5903.46,18.4063,2025-01-03
CALL,363.46000000000004,363.96,362.96,1.0,5540.0,SPXW_2025-01-03_C_5540,5903.46,18.4063,2025-01-03
CALL,358.46000000000004,358.96,357.96,1.0,5545.0,SPXW_2025-01-03_C_5545,5903.46,18.4063,2025-01-03
CALL,353.46000000000004,353.96,352.96,1.0,5550.0,SPXW_2025-01-03_C_5550,5903.46,18.4063,2025-01-03
CALL,348.46000000000004,348.96,347.96,1.0,5555.0,SPXW_2025-01-03_C_5555,5903.46,18.4063,2025-01-03
CALL,343.46000000000004,343.96,342.96,1.0,5560.0,SPXW_2025-01-03_C_5560,5903.46,18.4063,2025-01-03
CALL,338.46000000000004,338.96,337.96,1.0,5565.0,SPXW_2025-01-03_C_5565,5903.46,18.4063,2025-01-03
CALL,333.46000000000004,333.96,332.96,1.0,5570.0,SPXW_2025-01-03_C_5570,5903.46,18.4063,2025-01-03
CALL,328.46000000000004,328.96,327.96,1.0,5575.0,SPXW_2025-01-03_C_5575,5903.46,18.4063,2025-01-03
CALL,323.46000000000004,323.96,322.96,1.0,5580.0,SPXW_2025-01-03_C_5580,5903.46,18.4063,2025-01-03
CALL,318.46000000000004,318.96,317.96,1.0,5585.0,SPXW_2025-01-03_C_5585,5903.46,18.4063,2025-01-03
CALL,313.46000000000004,313.96,312.96,1.0,5590.0,SPXW_2025-01-03_C_5590,5903.46,18.4063,2025-01-03
CALL,308.46000000000004,308.96,307.96,1.0,5595.0,SPXW_2025-01-03_C_5595,5903.46,18.4063,2025-01-03
CALL,303.46000000000004,303.96,302.96,1.0,5600.0,SPXW_2025-01-03_C_5600,5903.46,18.4063,2025-01-03
CALL,298.46000000000004,298.96,297.96,0.999999,5605.0,SPXW_2025-01-03_C_5605,5903.46,18.4063,2025-01-03
CALL,293.46000000000004,293.96,292.96,0.999999,5610.0,SPXW_2025-01-03_C_5610,5903.46,18.4063,2025-01-03
CALL,288.46000000000004,288.96,287.96,0.999999,5615.0,SPXW_2025-01-03_C_5615,5903.46,18.4063,2025-01-03
CALL,283.46000000000004,283.96,282.96,0.999998,5620.0,SPXW_2025-01-03_C_5620,5903.46,18.4063,2025-01-03
CALL,278.46000000000004,278.96,277.96,0.999997,5625.0,SPXW_2025-01-03_C_5625,5903.46,18.4063,2025-01-03
CALL,273.4601,273.9601,272.9601,0.999996,5630.0,SPXW_2025-01-03_C_5630,5903.46,18.4063,2025-01-03
CALL,268.4601,268.9601,267.9601,0.999994,5635.0,SPXW_2025-01-03_C_5635,5903.46,18.4063,2025-01-03
CALL,263.4601,263.9601,262.9601,0.999991,5640.0,SPXW_2025-01-03_C_5640,5903.46,18.4063,2025-01-03
CALL,258.4602,258.9602,257.9602,0.999987,5645.0,SPXW_2025-01-03_C_5645,5903.46,18.4063,2025-01-03
CALL,253.4603,253.9603,252.9603,0.999981,5650.0,SPXW_2025-01-03_C_5650,5903.46,18.4063,2025-01-03
CALL,248.4604,248.9604,247.9604,0.999972,5655.0,SPXW_2025-01-03_C_5655,5903.46,18.4063,2025-01-03
CALL,243.4606,243.9606,242.9606,0.999961,5660.0,SPXW_2025-01-03_C_5660,5903.46,18.4063,2025-01-03
CALL,238.4608,238.9608,237.9608,0.999945,5665.0,SPXW_2025-01-03_C_5665,5903.46,18.4063,2025-01-03
CALL,233.4612,233.9612,232.9612,0.999923,5670.0,SPXW_2025-01-03_C_5670,5903.46,18.4063,2025-01-03
CALL,228.4616,228.9616,227.9616,0.999893,5675.0,SPXW_2025-01-03_C_5675,5903.46,18.4063,2025-01-03
CALL,223.4623,223.9623,222.9623,0.999852,5680.0,SPXW_2025-01-03_C_5680,5903.46,18.4063,2025-01-03
CALL,218.4632,218.9632,217.9632,0.999797,5685.0,SPXW_2025-01-03_C_5685,5903.46,18.4063,2025-01-03
CALL,213.4644,213.9644,212.9644,0.999724,5690.0,SPXW_2025-01-03_C_5690,5903.46,18.4063,2025-01-03
CALL,208.4661,208.9661,207.9661,0.999627,5695.0,SPXW_2025-01-03_C_5695,5903.46,18.4063,2025-01-03
CALL,203.4684,203.9684,202.9684,0.999499,5700.0,SPXW_2025-01-03_C_5700,5903.46,18.4063,2025-01-03
CALL,198.4714,198.9714,197.9714,0.999331,5705.0,SPXW_2025-01-03_C_5705,5903.46,18.4063,2025-01-03
CALL,193.4754,193.9754,192.9754,0.999113,5710.0,SPXW_2025-01-03_C_5710,5903.46,18.4063,2025-01-03
CALL,188.4807,188.9807,187.9807,0.998832,5715.0,SPXW_2025-01-03_C_5715,5903.46,18.4063,2025-01-03
CALL,183.4876,183.9876,182.9876,0.998472,5720.0,SPXW_2025-01-03_C_5720,5903.46,18.4063,2025-01-03
CALL,178.4967,178.9967,177.9967,0.998012,5725.0,SPXW_2025-01-03_C_5725,5903.46,18.4063,2025-01-03
CALL,173.5084,174.0084,173.0084,0.997432,5730.0,SPXW_2025-01-03_C_5730,5903.46,18.4063,2025-01-03
CALL,168.5235,169.0235,168.0235,0.996703,5735.0,SPXW_2025-01-03_C_5735,5903.46,18.4063,2025-01-03
CALL,163.5427,164.0427,163.0427,0.995794,5740.0,SPXW_2025-01-03_C_5740,5903.46,18.4063,2025-01-03
CALL,158.5672,159.0672,158.0672,0.994668,5745.0,SPXW_2025-01-03_C_5745,5903.46,18.4063,2025-01-03
CALL,153.5982,154.0982,153.0982,0.993283,5750.0,SPXW_2025-01-03_C_5750,5903.46,18.4063,2025-01-03
CALL,148.637,149.137,148.137,0.991591,5755.0,SPXW_2025-01-03_C_5755,5903.46,18.4063,2025-01-03
CALL,143.6853,144.1853,143.1853,0.989537,5760.0,SPXW_2025-01-03_C_5760,5903.46,18.4063,2025-01-03
CALL,138.7453,139.2453,138.2453,0.987062,5765.0,SPXW_2025-01-03_C_5765,5903.46,18.4063,2025-01-03
CALL,133.8184,134.3184,133.3184,0.984124,5770.0,SPXW_2025-01-03_C_5770,5903.46,18.4007,2025-01-03
CALL,128.9077,129.4077,128.4077,0.980635,5775.0,SPXW_2025-01-03_C_5775,5903.46,18.3947,2025-01-03
CALL,124.0161,124.5161,123.5161,0.97652,5780.0,SPXW_2025-01-03_C_5780,5903.46,18.3881,2025-01-03
CALL,119.1468,119.6468,118.6468,0.971704,5785.0,SPXW_2025-01-03_C_5785,5903.46,18.3797,2025-01-03
CALL,114.3032,114.8032,113.8032,0.966109,5790.0,SPXW_2025-01-03_C_5790,5903.46,18.3693,2025-01-03
CALL,109.4895,109.9895,108.9895,0.959644,5795.0,SPXW_2025-01-03_C_5795,5903.46,18.3575,2025-01-03
CALL,104.71,105.21,104.21,0.952227,5800.0,SPXW_2025-01-03_C_5800,5903.46,18.3436,2025-01-03
CALL,99.9694,100.4694,99.4694,0.94377,5805.0,SPXW_2025-01-03_C_5805,5903.46,18.3276,2025-01-03
CALL,95.2729,95.7729,94.7729,0.93419,5810.0,SPXW_2025-01-03_C_5810,5903.46,18.3094,2025-01-03
CALL,90.626,91.126,90.126,0.923407,5815.0,SPXW_2025-01-03_C_5815,5903.46,18.2886,2025-01-03
CALL,86.0347,86.5347,85.5347,0.911339,5820.0,SPXW_2025-01-03_C_5820,5903.46,18.2655,2025-01-03
CALL,81.5049,82.0049,81.0049,0.89792,5825.0,SPXW_2025-01-03_C_5825,5903.46,18.2396,2025-01-03
CALL,77.0435,77.5435,76.5435,0.883083,5830.0,SPXW_2025-01-03_C_5830,5903.46,18.2111,2025-01-03
CALL,72.657,73.157,72.157,0.866779,5835.0,SPXW_2025-01-03_C_5835,5903.46,18.1797,2025-01-03
CALL,68.3528,68.8528,67.8528,0.848961,5840.0,SPXW_2025-01-03_C_5840,5903.46,18.1457,2025-01-03
CALL,64.1378,64.6378,63.6378,0.829603,5845.0,SPXW_2025-01-03_C_5845,5903.46,18.1089,2025-01-03
CALL,60.02,60.52,59.52,0.808688,5850.0,SPXW_2025-01-03_C_5850,5903.46,18.0697,2025-01-03
CALL,56.0071,56.5071,55.5071,0.786214,5855.0,SPXW_2025-01-03_C_5855,5903.46,18.0285,2025-01-03
CALL,52.1063,52.6063,51.6063,0.762213,5860.0,SPXW_2025-01-03_C_5860,5903.46,17.9849,2025-01-03
CALL,48.3258,48.809,47.8425,0.736717,5865.0,SPXW_2025-01-03_C_5865,5903.46,17.9397,2025-01-03
CALL,44.6727,45.1195,44.226,0.709796,5870.0,SPXW_2025-01-03_C_5870,5903.46,17.8929,2025-01-03
CALL,41.1549,41.5664,40.7433,0.681534,5875.0,SPXW_2025-01-03_C_5875,5903.46,17.8452,2025-01-03
CALL,37.7789,38.1567,37.4011,0.652046,5880.0,SPXW_2025-01-03_C_5880,5903.46,17.7967,2025-01-03
CALL,34.5515,34.897,34.206,0.621468,5885.0,SPXW_2025-01-03_C_5885,5903.46,17.748,2025-01-03
CALL,31.4786,31.7934,31.1638,0.589961,5890.0,SPXW_2025-01-03_C_5890,5903.46,17.6996,2025-01-03
CALL,28.565,28.8506,28.2793,0.557711,5895.0,SPXW_2025-01-03_C_5895,5903.46,17.6517,2025-01-03
CALL,25.8006,26.0585,25.5425,0.524935,5900.0,SPXW_2025-01-03_C_5900,5903.46,17.5943,2025-01-03
CALL,23.2484,23.4809,23.0159,0.491826,5905.0,SPXW_2025-01-03_C_5905,5903.46,17.5719,2025-01-03
CALL,20.9031,21.1122,20.6941,0.458795,5910.0,SPXW_2025-01-03_C_5910,5903.46,17.5799,2025-01-03
CALL,18.7224,18.9096,18.5352,0.426105,5915.0,SPXW_2025-01-03_C_5915,5903.46,17.5883,2025-01-03
CALL,16.7037,16.8708,16.5367,0.393974,5920.0,SPXW_2025-01-03_C_5920,5903.46,17.5968,2025-01-03
CALL,14.8433,14.9918,14.6949,0.362607,5925.0,SPXW_2025-01-03_C_5925,5903.46,17.6055,2025-01-03
CALL,13.1367,13.268,13.0053,0.332191,5930.0,SPXW_2025-01-03_C_5930,5903.46,17.6143,2025-01-03
CALL,11.5783,11.6941,11.4625,0.302896,5935.0,SPXW_2025-01-03_C_5935,5903.46,17.6231,2025-01-03
CALL,10.162,10.2636,10.0604,0.274866,5940.0,SPXW_2025-01-03_C_5940,5903.46,17.6318,2025-01-03
CALL,8.8809,8.9697,8.7921,0.248224,5945.0,SPXW_2025-01-03_C_5945,5903.46,17.6403,2025-01-03
CALL,7.7278,7.8051,7.6505,0.223066,5950.0,SPXW_2025-01-03_C_5950,5903.46,17.6485,2025-01-03
CALL,6.6947,6.7616,6.6277,0.199463,5955.0,SPXW_2025-01-03_C_5955,5903.46,17.6565,2025-01-03
CALL,5.7738,5.8316,5.7161,0.177462,5960.0,SPXW_2025-01-03_C_5960,5903.46,17.664,2025-01-03
CALL,4.957,5.0066,4.9075,0.157087,5965.0,SPXW_2025-01-03_C_5965,5903.46,17.6712,2025-01-03
CALL,4.2362,4.2786,4.1939,0.138338,5970.0,SPXW_2025-01-03_C_5970,5903.46,17.678,2025-01-03
CALL,3.6033,3.6394,3.5673,0.121195,5975.0,SPXW_2025-01-03_C_5975,5903.46,17.6842,2025-01-03
CALL,3.0505,3.081,3.02,0.105621,5980.0,SPXW_2025-01-03_C_5980,5903.46,17.69,2025-01-03
CALL,2.5701,2.5958,2.5444,0.091561,5985.0,SPXW_2025-01-03_C_5985,5903.46,17.6952,2025-01-03
CALL,2.1549,2.1799,2.1299,0.07895,5990.0,SPXW_2025-01-03_C_5990,5903.46,17.7,2025-01-03
CALL,1.7979,1.8229,1.7729,0.06771,5995.0,SPXW_2025-01-03_C_5995,5903.46,17.7042,2025-01-03
CALL,1.4926,1.5176,1.4676,0.057752,6000.0,SPXW_2025-01-03_C_6000,5903.46,17.7078,2025-01-03
CALL,1.35,1.375,1.325,0.052147,6005.0,SPXW_2025-01-03_C_6005,5903.46,18.0396,2025-01-03
CALL,1.35,2.025,1.35,0.065824,6010.0,SPXW_2025-01-03_C_6010,5903.46,20.3709,2025-01-03
CALL,1.35,1.7263,1.35,0.057318,6015.0,SPXW_2025-01-03_C_6015,5903.46,20.375,2025-01-03
CALL,1.35,1.4663,1.35,0.049696,6020.0,SPXW_2025-01-03_C_6020,5903.46,20.3772,2025-01-03
CALL,1.2166,1.2416,1.1916,0.042912,6025.0,SPXW_2025-01-03_C_6025,5903.46,20.3794,2025-01-03
CALL,1.0229,1.0479,0.9979,0.036899,6030.0,SPXW_2025-01-03_C_6030,5903.46,20.3812,2025-01-03
CALL,0.8568,0.8818,0.8318,0.031597,6035.0,SPXW_2025-01-03_C_6035,5903.46,20.3827,2025-01-03
CALL,0.7149,0.7399,0.6899,0.026944,6040.0,SPXW_2025-01-03_C_6040,5903.46,20.384,2025-01-03
CALL,0.5942,0.6192,0.5692,0.022881,6045.0,SPXW_2025-01-03_C_6045,5903.46,20.3853,2025-01-03
CALL,0.4918,0.5168,0.4668,0.019344,6050.0,SPXW_2025-01-03_C_6050,5903.46,20.3854,2025-01-03
CALL,0.4055,0.4305,0.3805,0.016285,6055.0,SPXW_2025-01-03_C_6055,5903.46,20.3854,2025-01-03
CALL,0.333,0.358,0.308,0.013652,6060.0,SPXW_2025-01-03_C_6060,5903.46,20.3854,2025-01-03
CALL,0.2724,0.2974,0.2474,0.011396,6065.0,SPXW_2025-01-03_C_6065,5903.46,20.3854,2025-01-03
CALL,0.222,0.247,0.197,0.009473,6070.0,SPXW_2025-01-03_C_6070,5903.46,20.3854,2025-01-03
CALL,0.1802,0.2052,0.1552,0.007842,6075.0,SPXW_2025-01-03_C_6075,5903.46,20.3854,2025-01-03
CALL,0.1457,0.1707,0.1207,0.006464,6080.0,SPXW_2025-01-03_C_6080,5903.46,20.3854,2025-01-03
CALL,0.1173,0.1423,0.0923,0.005305,6085.0,SPXW_2025-01-03_C_6085,5903.46,20.3854,2025-01-03
CALL,0.0941,0.1191,0.0691,0.004336,6090.0,SPXW_2025-01-03_C_6090,5903.46,20.3854,2025-01-03
CALL,0.0752,0.1002,0.0502,0.003529,6095.0,SPXW_2025-01-03_C_6095,5903.46,20.3854,2025-01-03
CALL,0.0598,0.0848,0.0348,0.00286,6100.0,SPXW_2025-01-03_C_6100,5903.46,20.3854,2025-01-03
CALL,0.0474,0.0724,0.0224,0.002307,6105.0,SPXW_2025-01-03_C_6105,5903.46,20.3854,2025-01-03
CALL,0.0374,0.0624,0.0124,0.001854,6110.0,SPXW_2025-01-03_C_6110,5903.46,20.3854,2025-01-03
CALL,0.0294,0.06,0.01,0.001483,6115.0,SPXW_2025-01-03_C_6115,5903.46,20.3854,2025-01-03
CALL,0.0231,0.06,0.01,0.001182,6120.0,SPXW_2025-01-03_C_6120,5903.46,20.3854,2025-01-03
CALL,0.018,0.06,0.01,0.000938,6125.0,SPXW_2025-01-03_C_6125,5903.46,20.3854,2025-01-03
CALL,0.014,0.06,0.01,0.000741,6130.0,SPXW_2025-01-03_C_6130,5903.46,20.3854,2025-01-03
CALL,0.0108,0.06,0.01,0.000583,6135.0,SPXW_2025-01-03_C_6135,5903.46,20.3854,2025-01-03
CALL,0.0083,0.06,0.0083,0.000456,6140.0,SPXW_2025-01-03_C_6140,5903.46,20.3854,2025-01-03
CALL,0.0064,0.06,0.0064,0.000356,6145.0,SPXW_2025-01-03_C_6145,5903.46,20.3854,2025-01-03
CALL,0.0049,0.06,0.0049,0.000276,6150.0,SPXW_2025-01-03_C_6150,5903.46,20.3854,2025-01-03
CALL,0.0037,0.06,0.0037,0.000214,6155.0,SPXW_2025-01-03_C_6155,5903.46,20.3854,2025-01-03
CALL,0.0028,0.06,0.0028,0.000165,6160.0,SPXW_2025-01-03_C_6160,5903.46,20.3854,2025-01-03
CALL,0.0021,0.06,0.0021,0.000126,6165.0,SPXW_2025-01-03_C_6165,5903.46,20.3854,2025-01-03
CALL,0.0016,0.06,0.0016,9.6e-05,6170.0,SPXW_2025-01-03_C_6170,5903.46,20.3854,2025-01-03
CALL,0.0012,0.06,0.0012,7.3e-05,6175.0,SPXW_2025-01-03_C_6175,5903.46,20.3854,2025-01-03
CALL,0.0009,0.06,0.0009,5.5e-05,6180.0,SPXW_2025-01-03_C_6180,5903.46,20.3854,2025-01-03
CALL,0.0007,0.06,0.0007,4.2e-05,6185.0,SPXW_2025-01-03_C_6185,5903.46,20.3854,2025-01-03
CALL,0.0005,0.06,0.0005,3.1e-05,6190.0,SPXW_2025-01-03_C_6190,5903.46,20.3854,2025-01-03
CALL,0.0004,0.06,0.0004,2.3e-05,6195.0,SPXW_2025-01-03_C_6195,5903.46,20.3854,2025-01-03
CALL,0.0003,0.06,0.0003,1.7e-05,6200.0,SPXW_2025-01-03_C_6200,5903.46,20.3854,2025-01-03
CALL,0.0002,0.06,0.0002,1.3e-05,6205.0,SPXW_2025-01-03_C_6205,5903.46,20.3854,2025-01-03
CALL,0.0001,0.06,0.0001,1.0e-05,6210.0,SPXW_2025-01-03_C_6210,5903.46,20.3854,2025-01-03
CALL,0.0001,0.06,0.0001,7.0e-06,6215.0,SPXW_2025-01-03_C_6215,5903.46,20.3854,2025-01-03
CALL,0.0001,0.06,0.0001,5.0e-06,6220.0,SPXW_2025-01-03_C_6220,5903.46,20.3854,2025-01-03
CALL,0.0001,0.06,0.0001,4.0e-06,6225.0,SPXW_2025-01-03_C_6225,5903.46,20.3854,2025-01-03
CALL,0.0,0.06,0.0,3.0e-06,6230.0,SPXW_2025-01-03_C_6230,5903.46,20.3854,2025-01-03
CALL,0.0,0.06,0.0,2.0e-06,6235.0,SPXW_2025-01-03_C_6235,5903.46,20.3854,2025-01-03
CALL,0.0,0.06,0.0,1.0e-06,6240.0,SPXW_2025-01-03_C_6240,5903.46,20.3854,2025-01-03
CALL,0.0,0.06,0.0,1.0e-06,6245.0,SPXW_2025-01-03_C_6245,5903.46,20.3854,2025-01-03
CALL,0.0,0.06,0.0,1.0e-06,6250.0,SPXW_2025-01-03_C_6250,5903.46,20.3854,2025-01-03
CALL,0.0,0.06,0.0,1.0e-06,6255.0,SPXW_2025-01-03_C_6255,5903.46,20.3854,2025-01-03
CALL,0.0,0.06,0.0,0.0,6260.0,SPXW_2025-01-03_C_6260,5903.46,20.3854,2025-01-03
CALL,0.0,0.06,0.0,0.0,6265.0,SPXW_2025-01-03_C_6265,5903.46,20.3854,2025-01-03
CALL,0.0,0.06,0.0,0.0,6270.0,SPXW_2025-01-03_C_6270,5903.46,20.3854,2025-01-03
CALL,0.0,0.06,0.0,0.0,6275.0,SPXW_2025-01-03_C_6275,5903.46,20.3854,2025-01-03
CALL,0.0,0.06,0.0,0.0,6280.0,SPXW_2025-01-03_C_6280,5903.46,20.3854,2025-01-03
CALL,0.0,0.06,0.0,0.0,6285.0,SPXW_2025-01-03_C_6285,5903.46,20.3854,2025-01-03
CALL,0.0,0.06,0.0,0.0,6290.0,SPXW_2025-01-03_C_6290,5903.46,20.3854,2025-01-03
CALL,0.0,0.06,0.0,0.0,6295.0,SPXW_2025-01-03_C_6295,5903.46,20.3854,2025-01-03
CALL,0.0,0.06,0.0,0.0,6300.0,SPXW_2025-01-03_C_6300,5903.46,20.3854,2025-01-03
CALL,0.0,0.06,0.0,0.0,6305.0,SPXW_2025-01-03_C_6305,5903.46,20.3854,2025-01-03
CALL,0.0,0.06,0.0,0.0,6310.0,SPXW_2025-01-03_C_6310,5903.46,20.3854,2025-01-03
CALL,0.0,0.06,0.0,0.0,6315.0,SPXW_2025-01-03_C_6315,5903.46,20.3854,2025-01-03
CALL,0.0,0.06,0.0,0.0,6320.0,SPXW_2025-01-03_C_6320,5903.46,20.3854,2025-01-03
CALL,0.0,0.06,0.0,0.0,6325.0,SPXW_2025-01-03_C_6325,5903.46,20.3854,2025-01-03
CALL,0.0,0.06,0.0,0.0,6330.0,SPXW_2025-01-03_C_6330,5903.46,20.3854,2025-01-03
CALL,0.0,0.06,0.0,0.0,6335.0,SPXW_2025-01-03_C_6335,5903.46,20.3854,2025-01-03
CALL,0.0,0.06,0.0,0.0,6340.0,SPXW_2025-01-03_C_6340,5903.46,20.3854,2025-01-03
CALL,0.0,0.06,0.0,0.0,6345.0,SPXW_2025-01-03_C_6345,5903.46,20.3854,2025-01-03
CALL,0.0,0.06,0.0,0.0,6350.0,SPXW_2025-01-03_C_6350,5903.46,20.3854,2025-01-03
CALL,0.0,0.06,0.0,0.0,6355.0,SPXW_2025-01-03_C_6355,5903.46,20.3854,2025-01-03
CALL,0.0,0.06,0.0,0.0,6360.0,SPXW_2025-01-03_C_6360,5903.46,20.3854,2025-01-03
CALL,0.0,0.06,0.0,0.0,6365.0,SPXW_2025-01-03_C_6365,5903.46,20.3854,2025-01-03
CALL,0.0,0.06,0.0,0.0,6370.0,SPXW_2025-01-03_C_6370,5903.46,20.3854,2025-01-03
CALL,0.0,0.06,0.0,0.0,6375.0,SPXW_2025-01-03_C_6375,5903.46,20.3854,2025-01-03
CALL,0.0,0.06,0.0,0.0,6380.0,SPXW_2025-01-03_C_6380,5903.46,20.3854,2025-01-03
CALL,0.0,0.06,0.0,0.0,6385.0,SPXW_2025-01-03_C_6385,5903.46,20.3854,2025-01-03
CALL,0.0,0.06,0.0,0.0,6390.0,SPXW_2025-01-03_C_6390,5903.46,20.3854,2025-01-03
CALL,0.0,0.06,0.0,0.0,6395.0,SPXW_2025-01-03_C_6395,5903.46,20.3854,2025-01-03
CALL,0.0,0.06,0.0,0.0,6400.0,SPXW_2025-01-03_C_6400,5903.46,20.3854,2025-01-03
CALL,0.0,0.06,0.0,0.0,6405.0,SPXW_2025-01-03_C_6405,5903.46,20.3854,2025-01-03
CALL,0.0,0.06,0.0,0.0,6410.0,SPXW_2025-01-03_C_6410,5903.46,20.3854,2025-01-03
CALL,0.0,0.06,0.0,0.0,6415.0,SPXW_2025-01-03_C_6415,5903.46,20.3854,2025-01-03
CALL,0.0,0.06,0.0,0.0,6420.0,SPXW_2025-01-03_C_6420,5903.46,20.3854,2025-01-03
CALL,0.0,0.06,0.0,0.0,6425.0,SPXW_2025-01-03_C_6425,5903.46,20.3854,2025-01-03
CALL,0.0,0.06,0.0,0.0,6430.0,SPXW_2025-01-03_C_6430,5903.46,20.3854,2025-01-03
CALL,0.0,0.06,0.0,0.0,6435.0,SPXW_2025-01-03_C_6435,5903.46,20.3854,2025-01-03
CALL,0.0,0.06,0.0,0.0,6440.0,SPXW_2025-01-03_C_6440,5903.46,20.3854,2025-01-03
CALL,0.0,0.06,0.0,0.0,6445.0,SPXW_2025-01-03_C_6445,5903.46,20.3854,2025-01-03
CALL,0.0,0.06,0.0,0.0,6450.0,SPXW_2025-01-03_C_6450,5903.46,20.3854,2025-01-03
CALL,0.0,0.06,0.0,0.0,6455.0,SPXW_2025-01-03_C_6455,5903.46,20.3854,2025-01-03
CALL,0.0,0.06,0.0,0.0,6460.0,SPXW_2025-01-03_C_6460,5903.46,20.3854,2025-01-03
CALL,0.0,0.06,0.0,0.0,6465.0,SPXW_2025-01-03_C_6465,5903.46,20.3854,2025-01-03
CALL,0.0,0.06,0.0,0.0,6470.0,SPXW_2025-01-03_C_6470,5903.46,20.3854,2025-01-03
CALL,0.0,0.06,0.0,0.0,6475.0,SPXW_2025-01-03_C_6475,5903.46,20.3854,2025-01-03
CALL,0.0,0.06,0.0,0.0,6480.0,SPXW_2025-01-03_C_6480,5903.46,20.3854,2025-01-03
CALL,0.0,0.06,0.0,0.0,6485.0,SPXW_2025-01-03_C_6485,5903.46,20.3854,2025-01-03
CALL,0.0,0.06,0.0,0.0,6490.0,SPXW_2025-01-03_C_6490,5903.46,20.3854,2025-01-03
CALL,0.0,0.06,0.0,0.0,6495.0,SPXW_2025-01-03_C_6495,5903.46,20.3854,2025-01-03
CALL,0.0,0.06,0.0,0.0,6500.0,SPXW_2025-01-03_C_6500,5903.46,20.3854,2025-01-03
CALL,0.0,0.06,0.0,0.0,6505.0,SPXW_2025-01-03_C_6505,5903.46,20.3854,2025-01-03
CALL,0.0,0.06,0.0,0.0,6510.0,SPXW_2025-01-03_C_6510,5903.46,20.3854,2025-01-03
CALL,0.0,0.06,0.0,0.0,6515.0,SPXW_2025-01-03_C_6515,5903.46,20.3854,2025-01-03
CALL,0.0,0.06,0.0,0.0,6520.0,SPXW_2025-01-03_C_6520,5903.46,20.3854,2025-01-03
CALL,0.0,0.06,0.0,0.0,6525.0,SPXW_2025-01-03_C_6525,5903.46,20.3854,2025-01-03
CALL,0.0,0.06,0.0,0.0,6530.0,SPXW_2025-01-03_C_6530,5903.46,20.3854,2025-01-03
CALL,0.0,0.06,0.0,0.0,6535.0,SPXW_2025-01-03_C_6535,5903.46,20.3854,2025-01-03
CALL,0.0,0.06,0.0,0.0,6540.0,SPXW_2025-01-03_C_6540,5903.46,20.3854,2025-01-03
CALL,0.0,0.06,0.0,0.0,6545.0,SPXW_2025-01-03_C_6545,5903.46,20.3854,2025-01-03
CALL,0.0,0.06,0.0,0.0,6550.0,SPXW_2025-01-03_C_6550,5903.46,20.3854,2025-01-03
CALL,0.0,0.06,0.0,0.0,6555.0,SPXW_2025-01-03_C_6555,5903.46,20.3854,2025-01-03
CALL,0.0,0.06,0.0,0.0,6560.0,SPXW_2025-01-03_C_6560,5903.46,20.3854,2025-01-03
CALL,0.0,0.06,0.0,0.0,6565.0,SPXW_2025-01-03_C_6565,5903.46,20.3854,2025-01-03
CALL,0.0,0.06,0.0,0.0,6570.0,SPXW_2025-01-03_C_6570,5903.46,20.3854,2025-01-03
CALL,0.0,0.06,0.0,0.0,6575.0,SPXW_2025-01-03_C_6575,5903.46,20.3854,2025-01-03
CALL,0.0,0.06,0.0,0.0,6580.0,SPXW_2025-01-03_C_6580,5903.46,20.3854,2025-01-03
CALL,0.0,0.06,0.0,0.0,6585.0,SPXW_2025-01-03_C_6585,5903.46,20.3854,2025-01-03
CALL,0.0,0.06,0.0,0.0,6590.0,SPXW_2025-01-03_C_6590,5903.46,20.3854,2025-01-03
CALL,0.0,0.06,0.0,0.0,6595.0,SPXW_2025-01-03_C_6595,5903.46,20.3854,2025-01-03
CALL,0.0,0.06,0.0,0.0,6600.0,SPXW_2025-01-03_C_6600,5903.46,20.3854,2025-01-03
CALL,0.0,0.06,0.0,0.0,6605.0,SPXW_2025-01-03_C_6605,5903.46,20.3854,2025-01-03
CALL,0.0,0.06,0.0,0.0,6610.0,SPXW_2025-01-03_C_6610,5903.46,20.3854,2025-01-03
CALL,0.0,0.06,0.0,0.0,6615.0,SPXW_2025-01-03_C_6615,5903.46,20.3854,2025-01-03
CALL,0.0,0.06,0.0,0.0,6620.0,SPXW_2025-01-03_C_6620,5903.46,20.3854,2025-01-03
CALL,0.0,0.06,0.0,0.0,6625.0,SPXW_2025-01-03_C_6625,5903.46,20.3854,2025-01-03
CALL,0.0,0.06,0.0,0.0,6630.0,SPXW_2025-01-03_C_6630,5903.46,20.3854,2025-01-03
CALL,0.0,0.06,0.0,0.0,6635.0,SPXW_2025-01-03_C_6635,5903.46,20.3854,2025-01-03
CALL,0.0,0.06,0.0,0.0,6640.0,SPXW_2025-01-03_C_6640,5903.46,20.3854,2025-01-03
CALL,0.0,0.06,0.0,0.0,6645.0,SPXW_2025-01-03_C_6645,5903.46,20.3854,2025-01-03
CALL,0.0,0.06,0.0,0.0,6650.0,SPXW_2025-01-03_C_6650,5903.46,20.3854,2025-01-03
CALL,0.0,0.06,0.0,0.0,6655.0,SPXW_2025-01-03_C_6655,5903.46,20.3854,2025-01-03
CALL,0.0,0.06,0.0,0.0,6660.0,SPXW_2025-01-03_C_6660,5903.46,20.3854,2025-01-03
CALL,0.0,0.06,0.0,0.0,6665.0,SPXW_2025-01-03_C_6665,5903.46,20.3854,2025-01-03
CALL,0.0,0.06,0.0,0.0,6670.0,SPXW_2025-01-03_C_6670,5903.46,20.3854,2025-01-03
CALL,0.0,0.06,0.0,0.0,6675.0,SPXW_2025-01-03_C_6675,5903.46,20.3854,2025-01-03
CALL,0.0,0.06,0.0,0.0,6680.0,SPXW_2025-01-03_C_6680,5903.46,20.3854,2025-01-03
CALL,0.0,0.06,0.0,0.0,6685.0,SPXW_2025-01-03_C_6685,5903.46,20.3854,2025-01-03
CALL,0.0,0.06,0.0,0.0,6690.0,SPXW_2025-01-03_C_6690,5903.46,20.3854,2025-01-03
CALL,0.0,0.06,0.0,0.0,6695.0,SPXW_2025-01-03_C_6695,5903.46,20.3854,2025-01-03
CALL,0.0,0.06,0.0,0.0,6700.0,SPXW_2025-01-03_C_6700,5903.46,20.3854,2025-01-03
CALL,0.0,0.06,0.0,0.0,6705.0,SPXW_2025-01-03_C_6705,5903.46,20.3854,2025-01-03
CALL,0.0,0.06,0.0,0.0,6710.0,SPXW_2025-01-03_C_6710,5903.46,20.3854,2025-01-03
CALL,0.0,0.06,0.0,0.0,6715.0,SPXW_2025-01-03_C_6715,5903.46,20.3854,2025-01-03
CALL,0.0,0.06,0.0,0.0,6720.0,SPXW_2025-01-03_C_6720,5903.46,20.3854,2025-01-03
CALL,0.0,0.06,0.0,0.0,6725.0,SPXW_2025-01-03_C_6725,5903.46,20.3854,2025-01-03
CALL,0.0,0.06,0.0,0.0,6730.0,SPXW_2025-01-03_C_6730,5903.46,20.3854,2025-01-03
CALL,0.0,0.06,0.0,0.0,6735.0,SPXW_2025-01-03_C_6735,5903.46,20.3854,2025-01-03
CALL,0.0,0.06,0.0,0.0,6740.0,SPXW_2025-01-03_C_6740,5903.46,20.3854,2025-01-03
CALL,0.0,0.06,0.0,0.0,6745.0,SPXW_2025-01-03_C_6745,5903.46,20.3854,2025-01-03
CALL,0.0,0.06,0.0,0.0,6750.0,SPXW_2025-01-03_C_6750,5903.46,20.3854,2025-01-03
CALL,0.0,0.06,0.0,0.0,6755.0,SPXW_2025-01-03_C_6755,5903.46,20.3854,2025-01-03
CALL,0.0,0.06,0.0,0.0,6760.0,SPXW_2025-01-03_C_6760,5903.46,20.3854,2025-01-03
CALL,0.0,0.06,0.0,0.0,6765.0,SPXW_2025-01-03_C_6765,5903.46,20.3854,2025-01-03
CALL,0.0,0.06,0.0,0.0,6770.0,SPXW_2025-01-03_C_6770,5903.46,20.3854,2025-01-03
CALL,0.0,0.06,0.0,0.0,6775.0,SPXW_2025-01-03_C_6775,5903.46,20.3854,2025-01-03
CALL,0.0,0.06,0.0,0.0,6780.0,SPXW_2025-01-03_C_6780,5903.46,20.3854,2025-01-03
CALL,0.0,0.06,0.0,0.0,6785.0,SPXW_2025-01-03_C_6785,5903.46,20.3854,2025-01-03
CALL,0.0,0.06,0.0,0.0,6790.0,SPXW_2025-01-03_C_6790,5903.46,20.3854,2025-01-03
CALL,0.0,0.06,0.0,0.0,6795.0,SPXW_2025-01-03_C_6795,5903.46,20.3854,2025-01-03
CALL,0.0,0.06,0.0,0.0,6800.0,SPXW_2025-01-03_C_6800,5903.46,20.3854,2025-01-03
CALL,0.0,0.06,0.0,0.0,6805.0,SPXW_2025-01-03_C_6805,5903.46,20.3854,2025-01-03
CALL,0.0,0.06,0.0,0.0,6810.0,SPXW_2025-01-03_C_6810,5903.46,20.3854,2025-01-03
CALL,0.0,0.06,0.0,0.0,6815.0,SPXW_2025-01-03_C_6815,5903.46,20.3854,2025-01-03
CALL,0.0,0.06,0.0,0.0,6820.0,SPXW_2025-01-03_C_6820,5903.46,20.3854,2025-01-03
CALL,0.0,0.06,0.0,0.0,6825.0,SPXW_2025-01-03_C_6825,5903.46,20.3854,2025-01-03
CALL,0.0,0.06,0.0,0.0,6830.0,SPXW_2025-01-03_C_6830,5903.46,20.3854,2025-01-03
CALL,0.0,0.06,0.0,0.0,6835.0,SPXW_2025-01-03_C_6835,5903.46,20.3854,2025-01-03
CALL,0.0,0.06,0.0,0.0,6840.0,SPXW_2025-01-03_C_6840,5903.46,20.3854,2025-01-03
CALL,0.0,0.06,0.0,0.0,6845.0,SPXW_2025-01-03_C_6845,5903.46,20.3854,2025-01-03
CALL,0.0,0.06,0.0,0.0,6850.0,SPXW_2025-01-03_C_6850,5903.46,20.3854,2025-01-03
CALL,0.0,0.06,0.0,0.0,6855.0,SPXW_2025-01-03_C_6855,5903.46,20.3854,2025-01-03
CALL,0.0,0.06,0.0,0.0,6860.0,SPXW_2025-01-03_C_6860,5903.46,20.3854,2025-01-03
CALL,0.0,0.06,0.0,0.0,6865.0,SPXW_2025-01-03_C_6865,5903.46,20.3854,2025-01-03
CALL,0.0,0.06,0.0,0.0,6870.0,SPXW_2025-01-03_C_6870,5903.46,20.3854,2025-01-03
CALL,0.0,0.06,0.0,0.0,6875.0,SPXW_2025-01-03_C_6875,5903.46,20.3854,2025-01-03
CALL,0.0,0.06,0.0,0.0,6880.0,SPXW_2025-01-03_C_6880,5903.46,20.3854,2025-01-03
CALL,0.0,0.06,0.0,0.0,6885.0,SPXW_2025-01-03_C_6885,5903.46,20.3854,2025-01-03
CALL,0.0,0.06,0.0,0.0,6890.0,SPXW_2025-01-03_C_6890,5903.46,20.3854,2025-01-03
CALL,0.0,0.06,0.0,0.0,6895.0,SPXW_2025-01-03_C_6895,5903.46,20.3854,2025-01-03
CALL,0.0,0.06,0.0,0.0,6900.0,SPXW_2025-01-03_C_6900,5903.46,20.3854,2025-01-03
CALL,0.0,0.06,0.0,0.0,6905.0,SPXW_2025-01-03_C_6905,5903.46,20.3854,2025-01-03
CALL,0.0,0.06,0.0,0.0,6910.0,SPXW_2025-01-03_C_6910,5903.46,20.3854,2025-01-03
CALL,0.0,0.06,0.0,0.0,6915.0,SPXW_2025-01-03_C_6915,5903.46,20.3854,2025-01-03
CALL,0.0,0.06,0.0,0.0,6920.0,SPXW_2025-01-03_C_6920,5903.46,20.3854,2025-01-03
CALL,0.0,0.06,0.0,0.0,6925.0,SPXW_2025-01-03_C_6925,5903.46,20.3854,2025-01-03
CALL,0.0,0.06,0.0,0.0,6930.0,SPXW_2025-01-03_C_6930,5903.46,20.3854,2025-01-03
CALL,0.0,0.06,0.0,0.0,6935.0,SPXW_2025-01-03_C_6935,5903.46,20.3854,2025-01-03
CALL,0.0,0.06,0.0,0.0,6940.0,SPXW_2025-01-03_C_6940,5903.46,20.3854,2025-01-03
CALL,0.0,0.06,0.0,0.0,6945.0,SPXW_2025-01-03_C_6945,5903.46,20.3854,2025-01-03
CALL,0.0,0.06,0.0,0.0,6950.0,SPXW_2025-01-03_C_6950,5903.46,20.3854,2025-01-03
CALL,0.0,0.06,0.0,0.0,6955.0,SPXW_2025-01-03_C_6955,5903.46,20.3854,2025-01-03
CALL,0.0,0.06,0.0,0.0,6960.0,SPXW_2025-01-03_C_6960,5903.46,20.3854,2025-01-03
CALL,0.0,0.06,0.0,0.0,6965.0,SPXW_2025-01-03_C_6965,5903.46,20.3854,2025-01-03
CALL,0.0,0.06,0.0,0.0,6970.0,SPXW_2025-01-03_C_6970,5903.46,20.3854,2025-01-03
CALL,0.0,0.06,0.0,0.0,6975.0,SPXW_2025-01-03_C_6975,5903.46,20.3854,2025-01-03
CALL,0.0,0.06,0.0,0.0,6980.0,SPXW_2025-01-03_C_6980,5903.46,20.3854,2025-01-03
CALL,0.0,0.06,0.0,0.0,6985.0,SPXW_2025-01-03_C_6985,5903.46,20.3854,2025-01-03
CALL,0.0,0.06,0.0,0.0,6990.0,SPXW_2025-01-03_C_6990,5903.46,20.3854,2025-01-03
CALL,0.0,0.06,0.0,0.0,6995.0,SPXW_2025-01-03_C_6995,5903.46,20.3854,2025-01-03
CALL,0.0,0.06,0.0,0.0,7000.0,SPXW_2025-01-03_C_7000,5903.46,20.3854,2025-01-03
CALL,0.0,0.06,0.0,0.0,7005.0,SPXW_2025-01-03_C_7005,5903.46,20.3854,2025-01-03
CALL,0.0,0.06,0.0,0.0,7010.0,SPXW_2025-01-03_C_7010,5903.46,20.3854,2025-01-03
CALL,0.0,0.06,0.0,0.0,7015.0,SPXW_2025-01-03_C_7015,5903.46,20.3854,2025-01-03
CALL,0.0,0.06,0.0,0.0,7020.0,SPXW_2025-01-03_C_7020,5903.46,20.3854,2025-01-03
CALL,0.0,0.06,0.0,0.0,7025.0,SPXW_2025-01-03_C_7025,5903.46,20.3854,2025-01-03
CALL,0.0,0.06,0.0,0.0,7030.0,SPXW_2025-01-03_C_7030,5903.46,20.3854,2025-01-03
CALL,0.0,0.06,0.0,0.0,7035.0,SPXW_2025-01-03_C_7035,5903.46,20.3854,2025-01-03
CALL,0.0,0.06,0.0,0.0,7040.0,SPXW_2025-01-03_C_7040,5903.46,20.3854,2025-01-03
CALL,0.0,0.06,0.0,0.0,7045.0,SPXW_2025-01-03_C_7045,5903.46,20.3854,2025-01-03
CALL,0.0,0.06,0.0,0.0,7050.0,SPXW_2025-01-03_C_7050,5903.46,20.3854,2025-01-03
CALL,0.0,0.06,0.0,0.0,7055.0,SPXW_2025-01-03_C_7055,5903.46,20.3854,2025-01-03
CALL,0.0,0.06,0.0,0.0,7060.0,SPXW_2025-01-03_C_7060,5903.46,20.3854,2025-01-03
CALL,0.0,0.06,0.0,0.0,7065.0,SPXW_2025-01-03_C_7065,5903.46,20.3854,2025-01-03
CALL,0.0,0.06,0.0,0.0,7070.0,SPXW_2025-01-03_C_7070,5903.46,20.3854,2025-01-03
CALL,0.0,0.06,0.0,0.0,7075.0,SPXW_2025-01-03_C_7075,5903.46,20.3854,2025-01-03
CALL,0.0,0.06,0.0,0.0,7080.0,SPXW_2025-01-03_C_7080,5903.46,20.3854,2025-01-03
CALL,0.0,0.06,0.0,0.0,7085.0,SPXW_2025-01-03_C_7085,5903.46,20.3854,2025-01-03
PUT,0.0,0.06,0.0,0.0,4720.0,SPXW_2025-01-03_P_4720,5903.46,18.4063,2025-01-03
PUT,0.0,0.06,0.0,0.0,4725.0,SPXW_2025-01-03_P_4725,5903.46,18.4063,2025-01-03
PUT,0.0,0.06,0.0,0.0,4730.0,SPXW_2025-01-03_P_4730,5903.46,18.4063,2025-01-03
PUT,0.0,0.06,0.0,0.0,4735.0,SPXW_2025-01-03_P_4735,5903.46,18.4063,2025-01-03
PUT,0.0,0.06,0.0,0.0,4740.0,SPXW_2025-01-03_P_4740,5903.46,18.4063,2025-01-03
PUT,0.0,0.06,0.0,0.0,4745.0,SPXW_2025-01-03_P_4745,5903.46,18.4063,2025-01-03
PUT,0.0,0.06,0.0,0.0,4750.0,SPXW_2025-01-03_P_4750,5903.46,18.4063,2025-01-03
PUT,0.0,0.06,0.0,0.0,4755.0,SPXW_2025-01-03_P_4755,5903.46,18.4063,2025-01-03
PUT,0.0,0.06,0.0,0.0,4760.0,SPXW_2025-01-03_P_4760,5903.46,18.4063,2025-01-03
PUT,0.0,0.06,0.0,0.0,4765.0,SPXW_2025-01-03_P_4765,5903.46,18.4063,2025-01-03
PUT,0.0,0.06,0.0,0.0,4770.0,SPXW_2025-01-03_P_4770,5903.46,18.4063,2025-01-03
PUT,0.0,0.06,0.0,0.0,4775.0,SPXW_2025-01-03_P_4775,5903.46,18.4063,2025-01-03
PUT,0.0,0.06,0.0,0.0,4780.0,SPXW_2025-01-03_P_4780,5903.46,18.4063,2025-01-03
PUT,0.0,0.06,0.0,0.0,4785.0,SPXW_2025-01-03_P_4785,5903.46,18.4063,2025-01-03
PUT,0.0,0.06,0.0,0.0,4790.0,SPXW_2025-01-03_P_4790,5903.46,18.4063,2025-01-03
PUT,0.0,0.06,0.0,0.0,4795.0,SPXW_2025-01-03_P_4795,5903.46,18.4063,2025-01-03
PUT,0.0,0.06,0.0,0.0,4800.0,SPXW_2025-01-03_P_4800,5903.46,18.4063,2025-01-03
PUT,0.0,0.06,0.0,0.0,4805.0,SPXW_2025-01-03_P_4805,5903.46,18.4063,2025-01-03
PUT,0.0,0.06,0.0,0.0,4810.0,SPXW_2025-01-03_P_4810,5903.46,18.4063,2025-01-03
PUT,0.0,0.06,0.0,0.0,4815.0,SPXW_2025-01-03_P_4815,5903.46,18.4063,2025-01-03
PUT,0.0,0.06,0.0,0.0,4820.0,SPXW_2025-01-03_P_4820,5903.46,18.4063,2025-01-03
PUT,0.0,0.06,0.0,0.0,4825.0,SPXW_2025-01-03_P_4825,5903.46,18.4063,2025-01-03
PUT,0.0,0.06,0.0,0.0,4830.0,SPXW_2025-01-03_P_4830,5903.46,18.4063,2025-01-03
PUT,0.0,0.06,0.0,0.0,4835.0,SPXW_2025-01-03_P_4835,5903.46,18.4063,2025-01-03
PUT,0.0,0.06,0.0,0.0,4840.0,SPXW_2025-01-03_P_4840,5903.46,18.4063,2025-01-03
PUT,0.0,0.06,0.0,0.0,4845.0,SPXW_2025-01-03_P_4845,5903.46,18.4063,2025-01-03
PUT,0.0,0.06,0.0,0.0,4850.0,SPXW_2025-01-03_P_4850,5903.46,18.4063,2025-01-03
PUT,0.0,0.06,0.0,0.0,4855.0,SPXW_2025-01-03_P_4855,5903.46,18.4063,2025-01-03
PUT,0.0,0.06,0.0,0.0,4860.0,SPXW_2025-01-03_P_4860,5903.46,18.4063,2025-01-03
PUT,0.0,0.06,0.0,0.0,4865.0,SPXW_2025-01-03_P_4865,5903.46,18.4063,2025-01-03
PUT,0.0,0.06,0.0,0.0,4870.0,SPXW_2025-01-03_P_4870,5903.46,18.4063,2025-01-03
PUT,0.0,0.06,0.0,0.0,4875.0,SPXW_2025-01-03_P_4875,5903.46,18.4063,2025-01-03
PUT,0.0,0.06,0.0,0.0,4880.0,SPXW_2025-01-03_P_4880,5903.46,18.4063,2025-01-03
PUT,0.0,0.06,0.0,0.0,4885.0,SPXW_2025-01-03_P_4885,5903.46,18.4063,2025-01-03
PUT,0.0,0.06,0.0,0.0,4890.0,SPXW_2025-01-03_P_4890,5903.46,18.4063,2025-01-03
PUT,0.0,0.06,0.0,0.0,4895.0,SPXW_2025-01-03_P_4895,5903.46,18.4063,2025-01-03
PUT,0.0,0.06,0.0,0.0,4900.0,SPXW_2025-01-03_P_4900,5903.46,18.4063,2025-01-03
PUT,0.0,0.06,0.0,0.0,4905.0,SPXW_2025-01-03_P_4905,5903.46,18.4063,2025-01-03
PUT,0.0,0.06,0.0,0.0,4910.0,SPXW_2025-01-03_P_4910,5903.46,18.4063,2025-01-03
PUT,0.0,0.06,0.0,0.0,4915.0,SPXW_2025-01-03_P_4915,5903.46,18.4063,2025-01-03
PUT,0.0,0.06,0.0,0.0,4920.0,SPXW_2025-01-03_P_4920,5903.46,18.4063,2025-01-03
PUT,0.0,0.06,0.0,0.0,4925.0,SPXW_2025-01-03_P_4925,5903.46,18.4063,2025-01-03
PUT,0.0,0.06,0.0,0.0,4930.0,SPXW_2025-01-03_P_4930,5903.46,18.4063,2025-01-03
PUT,0.0,0.06,0.0,0.0,4935.0,SPXW_2025-01-03_P_4935,5903.46,18.4063,2025-01-03
PUT,0.0,0.06,0.0,0.0,4940.0,SPXW_2025-01-03_P_4940,5903.46,18.4063,2025-01-03
PUT,0.0,0.06,0.0,0.0,4945.0,SPXW_2025-01-03_P_4945,5903.46,18.4063,2025-01-03
PUT,0.0,0.06,0.0,0.0,4950.0,SPXW_2025-01-03_P_4950,5903.46,18.4063,2025-01-03
PUT,0.0,0.06,0.0,0.0,4955.0,SPXW_2025-01-03_P_4955,5903.46,18.4063,2025-01-03
PUT,0.0,0.06,0.0,0.0,4960.0,SPXW_2025-01-03_P_4960,5903.46,18.4063,2025-01-03
PUT,0.0,0.06,0.0,0.0,4965.0,SPXW_2025-01-03_P_4965,5903.46,18.4063,2025-01-03
PUT,0.0,0.06,0.0,0.0,4970.0,SPXW_2025-01-03_P_4970,5903.46,18.4063,2025-01-03
PUT,0.0,0.06,0.0,0.0,4975.0,SPXW_2025-01-03_P_4975,5903.46,18.4063,2025-01-03
PUT,0.0,0.06,0.0,0.0,4980.0,SPXW_2025-01-03_P_4980,5903.46,18.4063,2025-01-03
PUT,0.0,0.06,0.0,0.0,4985.0,SPXW_2025-01-03_P_4985,5903.46,18.4063,2025-01-03
PUT,0.0,0.06,0.0,0.0,4990.0,SPXW_2025-01-03_P_4990,5903.46,18.4063,2025-01-03
PUT,0.0,0.06,0.0,0.0,4995.0,SPXW_2025-01-03_P_4995,5903.46,18.4063,2025-01-03
PUT,0.0,0.06,0.0,0.0,5000.0,SPXW_2025-01-03_P_5000,5903.46,18.4063,2025-01-03
PUT,0.0,0.06,0.0,0.0,5005.0,SPXW_2025-01-03_P_5005,5903.46,18.4063,2025-01-03
PUT,0.0,0.06,0.0,0.0,5010.0,SPXW_2025-01-03_P_5010,5903.46,18.4063,2025-01-03
PUT,0.0,0.06,0.0,0.0,5015.0,SPXW_2025-01-03_P_5015,5903.46,18.4063,2025-01-03
PUT,0.0,0.06,0.0,0.0,5020.0,SPXW_2025-01-03_P_5020,5903.46,18.4063,2025-01-03
PUT,0.0,0.06,0.0,0.0,5025.0,SPXW_2025-01-03_P_5025,5903.46,18.4063,2025-01-03
PUT,0.0,0.06,0.0,0.0,5030.0,SPXW_2025-01-03_P_5030,5903.46,18.4063,2025-01-03
PUT,0.0,0.06,0.0,0.0,5035.0,SPXW_2025-01-03_P_5035,5903.46,18.4063,2025-01-03
PUT,0.0,0.06,0.0,0.0,5040.0,SPXW_2025-01-03_P_5040,5903.46,18.4063,2025-01-03
PUT,0.0,0.06,0.0,0.0,5045.0,SPXW_2025-01-03_P_5045,5903.46,18.4063,2025-01-03
PUT,0.0,0.06,0.0,0.0,5050.0,SPXW_2025-01-03_P_5050,5903.46,18.4063,2025-01-03
PUT,0.0,0.06,0.0,0.0,5055.0,SPXW_2025-01-03_P_5055,5903.46,18.4063,2025-01-03
PUT,0.0,0.06,0.0,0.0,5060.0,SPXW_2025-01-03_P_5060,5903.46,18.4063,2025-01-03
PUT,0.0,0.06,0.0,0.0,5065.0,SPXW_2025-01-03_P_5065,5903.46,18.4063,2025-01-03
PUT,0.0,0.06,0.0,0.0,5070.0,SPXW_2025-01-03_P_5070,5903.46,18.4063,2025-01-03
PUT,0.0,0.06,0.0,0.0,5075.0,SPXW_2025-01-03_P_5075,5903.46,18.4063,2025-01-03
PUT,0.0,0.06,0.0,0.0,5080.0,SPXW_2025-01-03_P_5080,5903.46,18.4063,2025-01-03
PUT,0.0,0.06,0.0,0.0,5085.0,SPXW_2025-01-03_P_5085,5903.46,18.4063,2025-01-03
PUT,0.0,0.06,0.0,0.0,5090.0,SPXW_2025-01-03_P_5090,5903.46,18.4063,2025-01-03
PUT,0.0,0.06,0.0,0.0,5095.0,SPXW_2025-01-03_P_5095,5903.46,18.4063,2025-01-03
PUT,0.0,0.06,0.0,0.0,5100.0,SPXW_2025-01-03_P_5100,5903.46,18.4063,2025-01-03
PUT,0.0,0.06,0.0,0.0,5105.0,SPXW_2025-01-03_P_5105,5903.46,18.4063,2025-01-03
PUT,0.0,0.06,0.0,0.0,5110.0,SPXW_2025-01-03_P_5110,5903.46,18.4063,2025-01-03
PUT,0.0,0.06,0.0,0.0,5115.0,SPXW_2025-01-03_P_5115,5903.46,18.4063,2025-01-03
PUT,0.0,0.06,0.0,0.0,5120.0,SPXW_2025-01-03_P_5120,5903.46,18.4063,2025-01-03
PUT,0.0,0.06,0.0,0.0,5125.0,SPXW_2025-01-03_P_5125,5903.46,18.4063,2025-01-03
PUT,0.0,0.06,0.0,0.0,5130.0,SPXW_2025-01-03_P_5130,5903.46,18.4063,2025-01-03
PUT,0.0,0.06,0.0,0.0,5135.0,SPXW_2025-01-03_P_5135,5903.46,18.4063,2025-01-03
PUT,0.0,0.06,0.0,0.0,5140.0,SPXW_2025-01-03_P_5140,5903.46,18.4063,2025-01-03
PUT,0.0,0.06,0.0,0.0,5145.0,SPXW_2025-01-03_P_5145,5903.46,18.4063,2025-01-03
PUT,0.0,0.06,0.0,0.0,5150.0,SPXW_2025-01-03_P_5150,5903.46,18.4063,2025-01-03
PUT,0.0,0.06,0.0,0.0,5155.0,SPXW_2025-01-03_P_5155,5903.46,18.4063,2025-01-03
PUT,0.0,0.06,0.0,0.0,5160.0,SPXW_2025-01-03_P_5160,5903.46,18.4063,2025-01-03
PUT,0.0,0.06,0.0,0.0,5165.0,SPXW_2025-01-03_P_5165,5903.46,18.4063,2025-01-03
PUT,0.0,0.06,0.0,0.0,5170.0,SPXW_2025-01-03_P_5170,5903.46,18.4063,2025-01-03
PUT,0.0,0.06,0.0,0.0,5175.0,SPXW_2025-01-03_P_5175,5903.46,18.4063,2025-01-03
PUT,0.0,0.06,0.0,0.0,5180.0,SPXW_2025-01-03_P_5180,5903.46,18.4063,2025-01-03
PUT,0.0,0.06,0.0,0.0,5185.0,SPXW_2025-01-03_P_5185,5903.46,18.4063,2025-01-03
PUT,0.0,0.06,0.0,0.0,5190.0,SPXW_2025-01-03_P_5190,5903.46,18.4063,2025-01-03
PUT,0.0,0.06,0.0,0.0,5195.0,SPXW_2025-01-03_P_5195,5903.46,18.4063,2025-01-03
PUT,0.0,0.06,0.0,0.0,5200.0,SPXW_2025-01-03_P_5200,5903.46,18.4063,2025-01-03
PUT,0.0,0.06,0.0,0.0,5205.0,SPXW_2025-01-03_P_5205,5903.46,18.4063,2025-01-03
PUT,0.0,0.06,0.0,0.0,5210.0,SPXW_2025-01-03_P_5210,5903.46,18.4063,2025-01-03
PUT,0.0,0.06,0.0,0.0,5215.0,SPXW_2025-01-03_P_5215,5903.46,18.4063,2025-01-03
PUT,0.0,0.06,0.0,0.0,5220.0,SPXW_2025-01-03_P_5220,5903.46,18.4063,2025-01-03
PUT,0.0,0.06,0.0,0.0,5225.0,SPXW_2025-01-03_P_5225,5903.46,18.4063,2025-01-03
PUT,0.0,0.06,0.0,0.0,5230.0,SPXW_2025-01-03_P_5230,5903.46,18.4063,2025-01-03
PUT,0.0,0.06,0.0,0.0,5235.0,SPXW_2025-01-03_P_5235,5903.46,18.4063,2025-01-03
PUT,0.0,0.06,0.0,0.0,5240.0,SPXW_2025-01-03_P_5240,5903.46,18.4063,2025-01-03
PUT,0.0,0.06,0.0,0.0,5245.0,SPXW_2025-01-03_P_5245,5903.46,18.4063,2025-01-03
PUT,0.0,0.06,0.0,0.0,5250.0,SPXW_2025-01-03_P_5250,5903.46,18.4063,2025-01-03
PUT,0.0,0.06,0.0,0.0,5255.0,SPXW_2025-01-03_P_5255,5903.46,18.4063,2025-01-03
PUT,0.0,0.06,0.0,0.0,5260.0,SPXW_2025-01-03_P_5260,5903.46,18.4063,2025-01-03
PUT,0.0,0.06,0.0,0.0,5265.0,SPXW_2025-01-03_P_5265,5903.46,18.4063,2025-01-03
PUT,0.0,0.06,0.0,0.0,5270.0,SPXW_2025-01-03_P_5270,5903.46,18.4063,2025-01-03
PUT,0.0,0.06,0.0,0.0,5275.0,SPXW_2025-01-03_P_5275,5903.46,18.4063,2025-01-03
PUT,0.0,0.06,0.0,0.0,5280.0,SPXW_2025-01-03_P_5280,5903.46,18.4063,2025-01-03
PUT,0.0,0.06,0.0,0.0,5285.0,SPXW_2025-01-03_P_5285,5903.46,18.4063,2025-01-03
PUT,0.0,0.06,0.0,0.0,5290.0,SPXW_2025-01-03_P_5290,5903.46,18.4063,2025-01-03
PUT,0.0,0.06,0.0,0.0,5295.0,SPXW_2025-01-03_P_5295,5903.46,18.4063,2025-01-03
PUT,0.0,0.06,0.0,0.0,5300.0,SPXW_2025-01-03_P_5300,5903.46,18.4063,2025-01-03
PUT,0.0,0.06,0.0,0.0,5305.0,SPXW_2025-01-03_P_5305,5903.46,18.4063,2025-01-03
PUT,0.0,0.06,0.0,0.0,5310.0,SPXW_2025-01-03_P_5310,5903.46,18.4063,2025-01-03
PUT,0.0,0.06,0.0,0.0,5315.0,SPXW_2025-01-03_P_5315,5903.46,18.4063,2025-01-03
PUT,0.0,0.06,0.0,0.0,5320.0,SPXW_2025-01-03_P_5320,5903.46,18.4063,2025-01-03
PUT,0.0,0.06,0.0,0.0,5325.0,SPXW_2025-01-03_P_5325,5903.46,18.4063,2025-01-03
PUT,0.0,0.06,0.0,0.0,5330.0,SPXW_2025-01-03_P_5330,5903.46,18.4063,2025-01-03
PUT,0.0,0.06,0.0,0.0,5335.0,SPXW_2025-01-03_P_5335,5903.46,18.4063,2025-01-03
PUT,0.0,0.06,0.0,0.0,5340.0,SPXW_2025-01-03_P_5340,5903.46,18.4063,2025-01-03
PUT,0.0,0.06,0.0,0.0,5345.0,SPXW_2025-01-03_P_5345,5903.46,18.4063,2025-01-03
PUT,0.0,0.06,0.0,0.0,5350.0,SPXW_2025-01-03_P_5350,5903.46,18.4063,2025-01-03
PUT,0.0,0.06,0.0,0.0,5355.0,SPXW_2025-01-03_P_5355,5903.46,18.4063,2025-01-03
PUT,0.0,0.06,0.0,0.0,5360.0,SPXW_2025-01-03_P_5360,5903.46,18.4063,2025-01-03
PUT,0.0,0.06,0.0,0.0,5365.0,SPXW_2025-01-03_P_5365,5903.46,18.4063,2025-01-03
PUT,0.0,0.06,0.0,0.0,5370.0,SPXW_2025-01-03_P_5370,5903.46,18.4063,2025-01-03
PUT,0.0,0.06,0.0,0.0,5375.0,SPXW_2025-01-03_P_5375,5903.46,18.4063,2025-01-03
PUT,0.0,0.06,0.0,0.0,5380.0,SPXW_2025-01-03_P_5380,5903.46,18.4063,2025-01-03
PUT,0.0,0.06,0.0,0.0,5385.0,SPXW_2025-01-03_P_5385,5903.46,18.4063,2025-01-03
PUT,0.0,0.06,0.0,0.0,5390.0,SPXW_2025-01-03_P_5390,5903.46,18.4063,2025-01-03
PUT,0.0,0.06,0.0,0.0,5395.0,SPXW_2025-01-03_P_5395,5903.46,18.4063,2025-01-03
PUT,0.0,0.06,0.0,0.0,5400.0,SPXW_2025-01-03_P_5400,5903.46,18.4063,2025-01-03
PUT,0.0,0.06,0.0,0.0,5405.0,SPXW_2025-01-03_P_5405,5903.46,18.4063,2025-01-03
PUT,0.0,0.06,0.0,0.0,5410.0,SPXW_2025-01-03_P_5410,5903.46,18.4063,2025-01-03
PUT,0.0,0.06,0.0,0.0,5415.0,SPXW_2025-01-03_P_5415,5903.46,18.4063,2025-01-03
PUT,0.0,0.06,0.0,0.0,5420.0,SPXW_2025-01-03_P_5420,5903.46,18.4063,2025-01-03
PUT,0.0,0.06,0.0,0.0,5425.0,SPXW_2025-01-03_P_5425,5903.46,18.4063,2025-01-03
PUT,0.0,0.06,0.0,0.0,5430.0,SPXW_2025-01-03_P_5430,5903.46,18.4063,2025-01-03
PUT,0.0,0.06,0.0,0.0,5435.0,SPXW_2025-01-03_P_5435,5903.46,18.4063,2025-01-03
PUT,0.0,0.06,0.0,0.0,5440.0,SPXW_2025-01-03_P_5440,5903.46,18.4063,2025-01-03
PUT,0.0,0.06,0.0,0.0,5445.0,SPXW_2025-01-03_P_5445,5903.46,18.4063,2025-01-03
PUT,0.0,0.06,0.0,0.0,5450.0,SPXW_2025-01-03_P_5450,5903.46,18.4063,2025-01-03
PUT,0.0,0.06,0.0,0.0,5455.0,SPXW_2025-01-03_P_5455,5903.46,18.4063,2025-01-03
PUT,0.0,0.06,0.0,0.0,5460.0,SPXW_2025-01-03_P_5460,5903.46,18.4063,2025-01-03
PUT,0.0,0.06,0.0,0.0,5465.0,SPXW_2025-01-03_P_5465,5903.46,18.4063,2025-01-03
PUT,0.0,0.06,0.0,0.0,5470.0,SPXW_2025-01-03_P_5470,5903.46,18.4063,2025-01-03
PUT,0.0,0.06,0.0,0.0,5475.0,SPXW_2025-01-03_P_5475,5903.46,18.4063,2025-01-03
PUT,0.0,0.06,0.0,0.0,5480.0,SPXW_2025-01-03_P_5480,5903.46,18.4063,2025-01-03
PUT,0.0,0.06,0.0,0.0,5485.0,SPXW_2025-01-03_P_5485,5903.46,18.4063,2025-01-03
PUT,0.0,0.06,0.0,0.0,5490.0,SPXW_2025-01-03_P_5490,5903.46,18.4063,2025-01-03
PUT,0.0,0.06,0.0,0.0,5495.0,SPXW_2025-01-03_P_5495,5903.46,18.4063,2025-01-03
PUT,0.0,0.06,0.0,0.0,5500.0,SPXW_2025-01-03_P_5500,5903.46,18.4063,2025-01-03
PUT,0.0,0.06,0.0,0.0,5505.0,SPXW_2025-01-03_P_5505,5903.46,18.4063,2025-01-03
PUT,0.0,0.06,0.0,0.0,5510.0,SPXW_2025-01-03_P_5510,5903.46,18.4063,2025-01-03
PUT,0.0,0.06,0.0,0.0,5515.0,SPXW_2025-01-03_P_5515,5903.46,18.4063,2025-01-03
PUT,0.0,0.06,0.0,0.0,5520.0,SPXW_2025-01-03_P_5520,5903.46,18.4063,2025-01-03
PUT,0.0,0.06,0.0,0.0,5525.0,SPXW_2025-01-03_P_5525,5903.46,18.4063,2025-01-03
PUT,0.0,0.06,0.0,0.0,5530.0,SPXW_2025-01-03_P_5530,5903.46,18.4063,2025-01-03
PUT,0.0,0.06,0.0,0.0,5535.0,SPXW_2025-01-03_P_5535,5903.46,18.4063,2025-01-03
PUT,0.0,0.06,0.0,0.0,5540.0,SPXW_2025-01-03_P_5540,5903.46,18.4063,2025-01-03
PUT,0.0,0.06,0.0,0.0,5545.0,SPXW_2025-01-03_P_5545,5903.46,18.4063,2025-01-03
PUT,0.0,0.06,0.0,0.0,5550.0,SPXW_2025-01-03_P_5550,5903.46,18.4063,2025-01-03
PUT,0.0,0.06,0.0,-0.0,5555.0,SPXW_2025-01-03_P_5555,5903.46,18.4063,2025-01-03
PUT,0.0,0.06,0.0,-0.0,5560.0,SPXW_2025-01-03_P_5560,5903.46,18.4063,2025-01-03
PUT,0.0,0.06,0.0,-0.0,5565.0,SPXW_2025-01-03_P_5565,5903.46,18.4063,2025-01-03
PUT,0.0,0.06,0.0,-0.0,5570.0,SPXW_2025-01-03_P_5570,5903.46,18.4063,2025-01-03
PUT,0.0,0.06,0.0,-0.0,5575.0,SPXW_2025-01-03_P_5575,5903.46,18.4063,2025-01-03
PUT,0.0,0.06,0.0,-0.0,5580.0,SPXW_2025-01-03_P_5580,5903.46,18.4063,2025-01-03
PUT,0.0,0.06,0.0,-0.0,5585.0,SPXW_2025-01-03_P_5585,5903.46,18.4063,2025-01-03
PUT,0.0,0.06,0.0,-0.0,5590.0,SPXW_2025-01-03_P_5590,5903.46,18.4063,2025-01-03
PUT,0.0,0.06,0.0,-0.0,5595.0,SPXW_2025-01-03_P_5595,5903.46,18.4063,2025-01-03
PUT,0.0,0.06,0.0,-0.0,5600.0,SPXW_2025-01-03_P_5600,5903.46,18.4063,2025-01-03
PUT,0.0,0.06,0.0,-1.0e-06,5605.0,SPXW_2025-01-03_P_5605,5903.46,18.4063,2025-01-03
PUT,0.0,0.06,0.0,-1.0e-06,5610.0,SPXW_2025-01-03_P_5610,5903.46,18.4063,2025-01-03
PUT,0.0,0.06,0.0,-1.0e-06,5615.0,SPXW_2025-01-03_P_5615,5903.46,18.4063,2025-01-03
PUT,0.0,0.06,0.0,-2.0e-06,5620.0,SPXW_2025-01-03_P_5620,5903.46,18.4063,2025-01-03
PUT,0.0,0.06,0.0,-3.0e-06,5625.0,SPXW_2025-01-03_P_5625,5903.46,18.4063,2025-01-03
PUT,0.0001,0.06,0.0001,-4.0e-06,5630.0,SPXW_2025-01-03_P_5630,5903.46,18.4063,2025-01-03
PUT,0.0001,0.06,0.0001,-6.0e-06,5635.0,SPXW_2025-01-03_P_5635,5903.46,18.4063,2025-01-03
PUT,0.0001,0.06,0.0001,-9.0e-06,5640.0,SPXW_2025-01-03_P_5640,5903.46,18.4063,2025-01-03
PUT,0.0002,0.06,0.0002,-1.3e-05,5645.0,SPXW_2025-01-03_P_5645,5903.46,18.4063,2025-01-03
PUT,0.0003,0.06,0.0003,-1.9e-05,5650.0,SPXW_2025-01-03_P_5650,5903.46,18.4063,2025-01-03
PUT,0.0004,0.06,0.0004,-2.8e-05,5655.0,SPXW_2025-01-03_P_5655,5903.46,18.4063,2025-01-03
PUT,0.0006,0.06,0.0006,-3.9e-05,5660.0,SPXW_2025-01-03_P_5660,5903.46,18.4063,2025-01-03
PUT,0.0008,0.06,0.0008,-5.5e-05,5665.0,SPXW_2025-01-03_P_5665,5903.46,18.4063,2025-01-03
PUT,0.0012,0.06,0.0012,-7.7e-05,5670.0,SPXW_2025-01-03_P_5670,5903.46,18.4063,2025-01-03
PUT,0.0016,0.06,0.0016,-0.000107,5675.0,SPXW_2025-01-03_P_5675,5903.46,18.4063,2025-01-03
PUT,0.0023,0.06,0.0023,-0.000148,5680.0,SPXW_2025-01-03_P_5680,5903.46,18.4063,2025-01-03
PUT,0.0032,0.06,0.0032,-0.000203,5685.0,SPXW_2025-01-03_P_5685,5903.46,18.4063,2025-01-03
PUT,0.0044,0.06,0.0044,-0.000276,5690.0,SPXW_2025-01-03_P_5690,5903.46,18.4063,2025-01-03
PUT,0.0061,0.06,0.0061,-0.000373,5695.0,SPXW_2025-01-03_P_5695,5903.46,18.4063,2025-01-03
PUT,0.0084,0.06,0.0084,-0.000501,5700.0,SPXW_2025-01-03_P_5700,5903.46,18.4063,2025-01-03
PUT,0.0114,0.06,0.01,-0.000669,5705.0,SPXW_2025-01-03_P_5705,5903.46,18.4063,2025-01-03
PUT,0.0154,0.06,0.01,-0.000887,5710.0,SPXW_2025-01-03_P_5710,5903.46,18.4063,2025-01-03
PUT,0.0207,0.06,0.01,-0.001168,5715.0,SPXW_2025-01-03_P_5715,5903.46,18.4063,2025-01-03
PUT,0.0276,0.06,0.01,-0.001528,5720.0,SPXW_2025-01-03_P_5720,5903.46,18.4063,2025-01-03
PUT,0.0367,0.0617,0.0117,-0.001988,5725.0,SPXW_2025-01-03_P_5725,5903.46,18.4063,2025-01-03
PUT,0.0484,0.0734,0.0234,-0.002568,5730.0,SPXW_2025-01-03_P_5730,5903.46,18.4063,2025-01-03
PUT,0.0635,0.0885,0.0385,-0.003297,5735.0,SPXW_2025-01-03_P_5735,5903.46,18.4063,2025-01-03
PUT,0.0827,0.1077,0.0577,-0.004206,5740.0,SPXW_2025-01-03_P_5740,5903.46,18.4063,2025-01-03
PUT,0.1072,0.1322,0.0822,-0.005332,5745.0,SPXW_2025-01-03_P_5745,5903.46,18.4063,2025-01-03
PUT,0.1382,0.1632,0.1132,-0.006717,5750.0,SPXW_2025-01-03_P_5750,5903.46,18.4063,2025-01-03
PUT,0.177,0.202,0.152,-0.008409,5755.0,SPXW_2025-01-03_P_5755,5903.46,18.4063,2025-01-03
PUT,0.2253,0.2503,0.2003,-0.010463,5760.0,SPXW_2025-01-03_P_5760,5903.46,18.4063,2025-01-03
PUT,0.2853,0.3103,0.2603,-0.012938,5765.0,SPXW_2025-01-03_P_5765,5903.46,18.4063,2025-01-03
PUT,0.3584,0.3834,0.3334,-0.015876,5770.0,SPXW_2025-01-03_P_5770,5903.46,18.4007,2025-01-03
PUT,0.4477,0.4727,0.4227,-0.019365,5775.0,SPXW_2025-01-03_P_5775,5903.46,18.3947,2025-01-03
PUT,0.5561,0.5811,0.5311,-0.02348,5780.0,SPXW_2025-01-03_P_5780,5903.46,18.3881,2025-01-03
PUT,0.6868,0.7118,0.6618,-0.028296,5785.0,SPXW_2025-01-03_P_5785,5903.46,18.3797,2025-01-03
PUT,0.8432,0.8682,0.8182,-0.033891,5790.0,SPXW_2025-01-03_P_5790,5903.46,18.3693,2025-01-03
PUT,1.0295,1.0545,1.0045,-0.040356,5795.0,SPXW_2025-01-03_P_5795,5903.46,18.3575,2025-01-03
PUT,1.25,1.275,1.225,-0.047773,5800.0,SPXW_2025-01-03_P_5800,5903.46,18.3436,2025-01-03
PUT,1.5094,1.5344,1.4844,-0.05623,5805.0,SPXW_2025-01-03_P_5805,5903.46,18.3276,2025-01-03
PUT,1.8129,1.8379,1.7879,-0.06581,5810.0,SPXW_2025-01-03_P_5810,5903.46,18.3094,2025-01-03
PUT,2.166,2.191,2.141,-0.076593,5815.0,SPXW_2025-01-03_P_5815,5903.46,18.2886,2025-01-03
PUT,2.5747,2.6004,2.5489,-0.088661,5820.0,SPXW_2025-01-03_P_5820,5903.46,18.2655,2025-01-03
PUT,3.0449,3.0754,3.0145,-0.10208,5825.0,SPXW_2025-01-03_P_5825,5903.46,18.2396,2025-01-03
PUT,3.5835,3.6194,3.5477,-0.116917,5830.0,SPXW_2025-01-03_P_5830,5903.46,18.2111,2025-01-03
PUT,4.197,4.2389,4.155,-0.133221,5835.0,SPXW_2025-01-03_P_5835,5903.46,18.1797,2025-01-03
PUT,4.8928,4.9417,4.8438,-0.151039,5840.0,SPXW_2025-01-03_P_5840,5903.46,18.1457,2025-01-03
PUT,5.6778,5.7347,5.6211,-0.170397,5845.0,SPXW_2025-01-03_P_5845,5903.46,18.1089,2025-01-03
PUT,6.56,6.6256,6.4944,-0.191312,5850.0,SPXW_2025-01-03_P_5850,5903.46,18.0697,2025-01-03
PUT,7.5471,7.6226,7.4717,-0.213786,5855.0,SPXW_2025-01-03_P_5855,5903.46,18.0285,2025-01-03
PUT,8.6463,8.7327,8.5598,-0.237787,5860.0,SPXW_2025-01-03_P_5860,5903.46,17.9849,2025-01-03
PUT,9.8658,9.9644,9.7671,-0.263283,5865.0,SPXW_2025-01-03_P_5865,5903.46,17.9397,2025-01-03
PUT,11.2127,11.3249,11.1006,-0.290204,5870.0,SPXW_2025-01-03_P_5870,5903.46,17.8929,2025-01-03
PUT,12.6949,12.8218,12.5679,-0.318466,5875.0,SPXW_2025-01-03_P_5875,5903.46,17.8452,2025-01-03
PUT,14.3189,14.4621,14.1757,-0.347954,5880.0,SPXW_2025-01-03_P_5880,5903.46,17.7967,2025-01-03
PUT,16.0915,16.2524,15.9306,-0.378532,5885.0,SPXW_2025-01-03_P_5885,5903.46,17.748,2025-01-03
PUT,18.0186,18.1988,17.8384,-0.410039,5890.0,SPXW_2025-01-03_P_5890,5903.46,17.6996,2025-01-03
PUT,20.105,20.306,19.9039,-0.442289,5895.0,SPXW_2025-01-03_P_5895,5903.46,17.6517,2025-01-03
PUT,22.3406,22.5639,22.1171,-0.475065,5900.0,SPXW_2025-01-03_P_5900,5903.46,17.5943,2025-01-03
PUT,24.7884,25.0363,24.5405,-0.508174,5905.0,SPXW_2025-01-03_P_5905,5903.46,17.5719,2025-01-03
PUT,27.4431,27.7176,27.1687,-0.541205,5910.0,SPXW_2025-01-03_P_5910,5903.46,17.5799,2025-01-03
PUT,30.2624,30.565,29.9598,-0.573895,5915.0,SPXW_2025-01-03_P_5915,5903.46,17.5883,2025-01-03
PUT,33.2437,33.5762,32.9113,-0.606026,5920.0,SPXW_2025-01-03_P_5920,5903.46,17.5968,2025-01-03
PUT,36.3833,36.7472,36.0195,-0.637393,5925.0,SPXW_2025-01-03_P_5925,5903.46,17.6055,2025-01-03
PUT,39.6767,40.0734,39.2799,-0.667809,5930.0,SPXW_2025-01-03_P_5930,5903.46,17.6143,2025-01-03
PUT,43.1183,43.5495,42.6871,-0.697104,5935.0,SPXW_2025-01-03_P_5935,5903.46,17.6231,2025-01-03
PUT,46.702,47.169,46.235,-0.725134,5940.0,SPXW_2025-01-03_P_5940,5903.46,17.6318,2025-01-03
PUT,50.4209,50.9209,49.9209,-0.751776,5945.0,SPXW_2025-01-03_P_5945,5903.46,17.6403,2025-01-03
PUT,54.2678,54.7678,53.7678,-0.776934,5950.0,SPXW_2025-01-03_P_5950,5903.46,17.6485,2025-01-03
PUT,58.2347,58.7347,57.7347,-0.800537,5955.0,SPXW_2025-01-03_P_5955,5903.46,17.6565,2025-01-03
PUT,62.3138,62.8138,61.8138,-0.822538,5960.0,SPXW_2025-01-03_P_5960,5903.46,17.664,2025-01-03
PUT,66.497,66.997,65.997,-0.842913,5965.0,SPXW_2025-01-03_P_5965,5903.46,17.6712,2025-01-03
PUT,70.7762,71.2762,70.2762,-0.861662,5970.0,SPXW_2025-01-03_P_5970,5903.46,17.678,2025-01-03
PUT,75.1433,75.6433,74.6433,-0.878805,5975.0,SPXW_2025-01-03_P_5975,5903.46,17.6842,2025-01-03
PUT,79.5905,80.0905,79.0905,-0.894379,5980.0,SPXW_2025-01-03_P_5980,5903.46,17.69,2025-01-03
PUT,84.1101,84.6101,83.6101,-0.908439,5985.0,SPXW_2025-01-03_P_5985,5903.46,17.6952,2025-01-03
PUT,88.6949,89.1949,88.1949,-0.92105,5990.0,SPXW_2025-01-03_P_5990,5903.46,17.7,2025-01-03
PUT,93.3379,93.8379,92.8379,-0.93229,5995.0,SPXW_2025-01-03_P_5995,5903.46,17.7042,2025-01-03
PUT,98.0326,98.5326,97.5326,-0.942248,6000.0,SPXW_2025-01-03_P_6000,5903.46,17.7078,2025-01-03
PUT,102.89,103.39,102.39,-0.947853,6005.0,SPXW_2025-01-03_P_6005,5903.46,18.0396,2025-01-03
PUT,108.54,109.04,108.04,-0.934176,6010.0,SPXW_2025-01-03_P_6010,5903.46,20.3709,2025-01-03
PUT,113.2413,113.7413,112.7413,-0.942682,6015.0,SPXW_2025-01-03_P_6015,5903.46,20.375,2025-01-03
PUT,117.9813,118.4813,117.4813,-0.950304,6020.0,SPXW_2025-01-03_P_6020,5903.46,20.3772,2025-01-03
PUT,122.7566,123.2566,122.2566,-0.957088,6025.0,SPXW_2025-01-03_P_6025,5903.46,20.3794,2025-01-03
PUT,127.5629,128.0629,127.0629,-0.963101,6030.0,SPXW_2025-01-03_P_6030,5903.46,20.3812,2025-01-03
PUT,132.3968,132.8968,131.8968,-0.968403,6035.0,SPXW_2025-01-03_P_6035,5903.46,20.3827,2025-01-03
PUT,137.2549,137.7549,136.7549,-0.973056,6040.0,SPXW_2025-01-03_P_6040,5903.46,20.384,2025-01-03
PUT,142.1342,142.6342,141.6342,-0.977119,6045.0,SPXW_2025-01-03_P_6045,5903.46,20.3853,2025-01-03
PUT,147.0318,147.5318,146.5318,-0.980656,6050.0,SPXW_2025-01-03_P_6050,5903.46,20.3854,2025-01-03
PUT,151.9455,152.4455,151.4455,-0.983715,6055.0,SPXW_2025-01-03_P_6055,5903.46,20.3854,2025-01-03
PUT,156.873,157.373,156.373,-0.986348,6060.0,SPXW_2025-01-03_P_6060,5903.46,20.3854,2025-01-03
PUT,161.8124,162.3124,161.3124,-0.988604,6065.0,SPXW_2025-01-03_P_6065,5903.46,20.3854,2025-01-03
PUT,166.762,167.262,166.262,-0.990527,6070.0,SPXW_2025-01-03_P_6070,5903.46,20.3854,2025-01-03
PUT,171.7202,172.2202,171.2202,-0.992158,6075.0,SPXW_2025-01-03_P_6075,5903.46,20.3854,2025-01-03
PUT,176.6857,177.1857,176.1857,-0.993536,6080.0,SPXW_2025-01-03_P_6080,5903.46,20.3854,2025-01-03
PUT,181.6573,182.1573,181.1573,-0.994695,6085.0,SPXW_2025-01-03_P_6085,5903.46,20.3854,2025-01-03
PUT,186.6341,187.1341,186.1341,-0.995664,6090.0,SPXW_2025-01-03_P_6090,5903.46,20.3854,2025-01-03
PUT,191.6152,192.1152,191.1152,-0.996471,6095.0,SPXW_2025-01-03_P_6095,5903.46,20.3854,2025-01-03
PUT,196.5998,197.0998,196.0998,-0.99714,6100.0,SPXW_2025-01-03_P_6100,5903.46,20.3854,2025-01-03
PUT,201.5874,202.0874,201.0874,-0.997693,6105.0,SPXW_2025-01-03_P_6105,5903.46,20.3854,2025-01-03
PUT,206.5774,207.0774,206.0774,-0.998146,6110.0,SPXW_2025-01-03_P_6110,5903.46,20.3854,2025-01-03
PUT,211.5694,212.0694,211.0694,-0.998517,6115.0,SPXW_2025-01-03_P_6115,5903.46,20.3854,2025-01-03
PUT,216.5631,217.0631,216.0631,-0.998818,6120.0,SPXW_2025-01-03_P_6120,5903.46,20.3854,2025-01-03
PUT,221.558,222.058,221.058,-0.999062,6125.0,SPXW_2025-01-03_P_6125,5903.46,20.3854,2025-01-03
PUT,226.554,227.054,226.054,-0.999259,6130.0,SPXW_2025-01-03_P_6130,5903.46,20.3854,2025-01-03
PUT,231.5508,232.0508,231.0508,-0.999417,6135.0,SPXW_2025-01-03_P_6135,5903.46,20.3854,2025-01-03
PUT,236.5483,237.0483,236.0483,-0.999544,6140.0,SPXW_2025-01-03_P_6140,5903.46,20.3854,2025-01-03
PUT,241.5464,242.0464,241.0464,-0.999644,6145.0,SPXW_2025-01-03_P_6145,5903.46,20.3854,2025-01-03
PUT,246.5449,247.0449,246.0449,-0.999724,6150.0,SPXW_2025-01-03_P_6150,5903.46,20.3854,2025-01-03
PUT,251.5437,252.0437,251.0437,-0.999786,6155.0,SPXW_2025-01-03_P_6155,5903.46,20.3854,2025-01-03
PUT,256.5428,257.0428,256.0428,-0.999835,6160.0,SPXW_2025-01-03_P_6160,5903.46,20.3854,2025-01-03
PUT,261.5421,262.0421,261.0421,-0.999874,6165.0,SPXW_2025-01-03_P_6165,5903.46,20.3854,2025-01-03
PUT,266.5416,267.0416,266.0416,-0.999904,6170.0,SPXW_2025-01-03_P_6170,5903.46,20.3854,2025-01-03
PUT,271.5412,272.0412,271.0412,-0.999927,6175.0,SPXW_2025-01-03_P_6175,5903.46,20.3854,2025-01-03
PUT,276.5409,277.0409,276.0409,-0.999945,6180.0,SPXW_2025-01-03_P_6180,5903.46,20.3854,2025-01-03
PUT,281.5407,282.0407,281.0407,-0.999958,6185.0,SPXW_2025-01-03_P_6185,5903.46,20.3854,2025-01-03
PUT,286.5405,287.0405,286.0405,-0.999969,6190.0,SPXW_2025-01-03_P_6190,5903.46,20.3854,2025-01-03
PUT,291.5404,292.0404,291.0404,-0.999977,6195.0,SPXW_2025-01-03_P_6195,5903.46,20.3854,2025-01-03
PUT,296.5403,297.0403,296.0403,-0.999983,6200.0,SPXW_2025-01-03_P_6200,5903.46,20.3854,2025-01-03
PUT,301.5402,302.0402,301.0402,-0.999987,6205.0,SPXW_2025-01-03_P_6205,5903.46,20.3854,2025-01-03
PUT,306.5401,307.0401,306.0401,-0.99999,6210.0,SPXW_2025-01-03_P_6210,5903.46,20.3854,2025-01-03
PUT,311.5401,312.0401,311.0401,-0.999993,6215.0,SPXW_2025-01-03_P_6215,5903.46,20.3854,2025-01-03
PUT,316.5401,317.0401,316.0401,-0.999995,6220.0,SPXW_2025-01-03_P_6220,5903.46,20.3854,2025-01-03
PUT,321.5401,322.0401,321.0401,-0.999996,6225.0,SPXW_2025-01-03_P_6225,5903.46,20.3854,2025-01-03
PUT,326.54,327.04,326.04,-0.999997,6230.0,SPXW_2025-01-03_P_6230,5903.46,20.3854,2025-01-03
PUT,331.54,332.04,331.04,-0.999998,6235.0,SPXW_2025-01-03_P_6235,5903.46,20.3854,2025-01-03
PUT,336.54,337.04,336.04,-0.999999,6240.0,SPXW_2025-01-03_P_6240,5903.46,20.3854,2025-01-03
PUT,341.54,342.04,341.04,-0.999999,6245.0,SPXW_2025-01-03_P_6245,5903.46,20.3854,2025-01-03
PUT,346.54,347.04,346.04,-0.999999,6250.0,SPXW_2025-01-03_P_6250,5903.46,20.3854,2025-01-03
PUT,351.54,352.04,351.04,-0.999999,6255.0,SPXW_2025-01-03_P_6255,5903.46,20.3854,2025-01-03
PUT,356.54,357.04,356.04,-1.0,6260.0,SPXW_2025-01-03_P_6260,5903.46,20.3854,2025-01-03
PUT,361.54,362.04,361.04,-1.0,6265.0,SPXW_2025-01-03_P_6265,5903.46,20.3854,2025-01-03
PUT,366.54,367.04,366.04,-1.0,6270.0,SPXW_2025-01-03_P_6270,5903.46,20.3854,2025-01-03
PUT,371.54,372.04,371.04,-1.0,6275.0,SPXW_2025-01-03_P_6275,5903.46,20.3854,2025-01-03
PUT,376.54,377.04,376.04,-1.0,6280.0,SPXW_2025-01-03_P_6280,5903.46,20.3854,2025-01-03
PUT,381.54,382.04,381.04,-1.0,6285.0,SPXW_2025-01-03_P_6285,5903.46,20.3854,2025-01-03
PUT,386.54,387.04,386.04,-1.0,6290.0,SPXW_2025-01-03_P_6290,5903.46,20.3854,2025-01-03
PUT,391.54,392.04,391.04,-1.0,6295.0,SPXW_2025-01-03_P_6295,5903.46,20.3854,2025-01-03
PUT,396.54,397.04,396.04,-1.0,6300.0,SPXW_2025-01-03_P_6300,5903.46,20.3854,2025-01-03
PUT,401.54,402.04,401.04,-1.0,6305.0,SPXW_2025-01-03_P_6305,5903.46,20.3854,2025-01-03
PUT,406.54,407.04,406.04,-1.0,6310.0,SPXW_2025-01-03_P_6310,5903.46,20.3854,2025-01-03
PUT,411.54,412.04,411.04,-1.0,6315.0,SPXW_2025-01-03_P_6315,5903.46,20.3854,2025-01-03
PUT,416.54,417.04,416.04,-1.0,6320.0,SPXW_2025-01-03_P_6320,5903.46,20.3854,2025-01-03
PUT,421.54,422.04,421.04,-1.0,6325.0,SPXW_2025-01-03_P_6325,5903.46,20.3854,2025-01-03
PUT,426.54,427.04,426.04,-1.0,6330.0,SPXW_2025-01-03_P_6330,5903.46,20.3854,2025-01-03
PUT,431.54,432.04,431.04,-1.0,6335.0,SPXW_2025-01-03_P_6335,5903.46,20.3854,2025-01-03
PUT,436.54,437.04,436.04,-1.0,6340.0,SPXW_2025-01-03_P_6340,5903.46,20.3854,2025-01-03
PUT,441.54,442.04,441.04,-1.0,6345.0,SPXW_2025-01-03_P_6345,5903.46,20.3854,2025-01-03
PUT,446.54,447.04,446.04,-1.0,6350.0,SPXW_2025-01-03_P_6350,5903.46,20.3854,2025-01-03
PUT,451.54,452.04,451.04,-1.0,6355.0,SPXW_2025-01-03_P_6355,5903.46,20.3854,2025-01-03
PUT,456.54,457.04,456.04,-1.0,6360.0,SPXW_2025-01-03_P_6360,5903.46,20.3854,2025-01-03
PUT,461.54,462.04,461.04,-1.0,6365.0,SPXW_2025-01-03_P_6365,5903.46,20.3854,2025-01-03
PUT,466.54,467.04,466.04,-1.0,6370.0,SPXW_2025-01-03_P_6370,5903.46,20.3854,2025-01-03
PUT,471.54,472.04,471.04,-1.0,6375.0,SPXW_2025-01-03_P_6375,5903.46,20.3854,2025-01-03
PUT,476.54,477.04,476.04,-1.0,6380.0,SPXW_2025-01-03_P_6380,5903.46,20.3854,2025-01-03
PUT,481.54,482.04,481.04,-1.0,6385.0,SPXW_2025-01-03_P_6385,5903.46,20.3854,2025-01-03
PUT,486.54,487.04,486.04,-1.0,6390.0,SPXW_2025-01-03_P_6390,5903.46,20.3854,2025-01-03
PUT,491.54,492.04,491.04,-1.0,6395.0,SPXW_2025-01-03_P_6395,5903.46,20.3854,2025-01-03
PUT,496.54,497.04,496.04,-1.0,6400.0,SPXW_2025-01-03_P_6400,5903.46,20.3854,2025-01-03
PUT,501.54,502.04,501.04,-1.0,6405.0,SPXW_2025-01-03_P_6405,5903.46,20.3854,2025-01-03
PUT,506.54,507.04,506.04,-1.0,6410.0,SPXW_2025-01-03_P_6410,5903.46,20.3854,2025-01-03
PUT,511.54,512.04,511.04,-1.0,6415.0,SPXW_2025-01-03_P_6415,5903.46,20.3854,2025-01-03
PUT,516.54,517.04,516.04,-1.0,6420.0,SPXW_2025-01-03_P_6420,5903.46,20.3854,2025-01-03
PUT,521.54,522.04,521.04,-1.0,6425.0,SPXW_2025-01-03_P_6425,5903.46,20.3854,2025-01-03
PUT,526.54,527.04,526.04,-1.0,6430.0,SPXW_2025-01-03_P_6430,5903.46,20.3854,2025-01-03
PUT,531.54,532.04,531.04,-1.0,6435.0,SPXW_2025-01-03_P_6435,5903.46,20.3854,2025-01-03
PUT,536.54,537.04,536.04,-1.0,6440.0,SPXW_2025-01-03_P_6440,5903.46,20.3854,2025-01-03
PUT,541.54,542.04,541.04,-1.0,6445.0,SPXW_2025-01-03_P_6445,5903.46,20.3854,2025-01-03
PUT,546.54,547.04,546.04,-1.0,6450.0,SPXW_2025-01-03_P_6450,5903.46,20.3854,2025-01-03
PUT,551.54,552.04,551.04,-1.0,6455.0,SPXW_2025-01-03_P_6455,5903.46,20.3854,2025-01-03
PUT,556.54,557.04,556.04,-1.0,6460.0,SPXW_2025-01-03_P_6460,5903.46,20.3854,2025-01-03
PUT,561.54,562.04,561.04,-1.0,6465.0,SPXW_2025-01-03_P_6465,5903.46,20.3854,2025-01-03
PUT,566.54,567.04,566.04,-1.0,6470.0,SPXW_2025-01-03_P_6470,5903.46,20.3854,2025-01-03
PUT,571.54,572.04,571.04,-1.0,6475.0,SPXW_2025-01-03_P_6475,5903.46,20.3854,2025-01-03
PUT,576.54,577.04,576.04,-1.0,6480.0,SPXW_2025-01-03_P_6480,5903.46,20.3854,2025-01-03
PUT,581.54,582.04,581.04,-1.0,6485.0,SPXW_2025-01-03_P_6485,5903.46,20.3854,2025-01-03
PUT,586.54,587.04,586.04,-1.0,6490.0,SPXW_2025-01-03_P_6490,5903.46,20.3854,2025-01-03
PUT,591.54,592.04,591.04,-1.0,6495.0,SPXW_2025-01-03_P_6495,5903.46,20.3854,2025-01-03
PUT,596.54,597.04,596.04,-1.0,6500.0,SPXW_2025-01-03_P_6500,5903.46,20.3854,2025-01-03
PUT,601.54,602.04,601.04,-1.0,6505.0,SPXW_2025-01-03_P_6505,5903.46,20.3854,2025-01-03
PUT,606.54,607.04,606.04,-1.0,6510.0,SPXW_2025-01-03_P_6510,5903.46,20.3854,2025-01-03
PUT,611.54,612.04,611.04,-1.0,6515.0,SPXW_2025-01-03_P_6515,5903.46,20.3854,2025-01-03
PUT,616.54,617.04,616.04,-1.0,6520.0,SPXW_2025-01-03_P_6520,5903.46,20.3854,2025-01-03
PUT,621.54,622.04,621.04,-1.0,6525.0,SPXW_2025-01-03_P_6525,5903.46,20.3854,2025-01-03
PUT,626.54,627.04,626.04,-1.0,6530.0,SPXW_2025-01-03_P_6530,5903.46,20.3854,2025-01-03
PUT,631.54,632.04,631.04,-1.0,6535.0,SPXW_2025-01-03_P_6535,5903.46,20.3854,2025-01-03
PUT,636.54,637.04,636.04,-1.0,6540.0,SPXW_2025-01-03_P_6540,5903.46,20.3854,2025-01-03
PUT,641.54,642.04,641.04,-1.0,6545.0,SPXW_2025-01-03_P_6545,5903.46,20.3854,2025-01-03
PUT,646.54,647.04,646.04,-1.0,6550.0,SPXW_2025-01-03_P_6550,5903.46,20.3854,2025-01-03
PUT,651.54,652.04,651.04,-1.0,6555.0,SPXW_2025-01-03_P_6555,5903.46,20.3854,2025-01-03
PUT,656.54,657.04,656.04,-1.0,6560.0,SPXW_2025-01-03_P_6560,5903.46,20.3854,2025-01-03
PUT,661.54,662.04,661.04,-1.0,6565.0,SPXW_2025-01-03_P_6565,5903.46,20.3854,2025-01-03
PUT,666.54,667.04,666.04,-1.0,6570.0,SPXW_2025-01-03_P_6570,5903.46,20.3854,2025-01-03
PUT,671.54,672.04,671.04,-1.0,6575.0,SPXW_2025-01-03_P_6575,5903.46,20.3854,2025-01-03
PUT,676.54,677.04,676.04,-1.0,6580.0,SPXW_2025-01-03_P_6580,5903.46,20.3854,2025-01-03
PUT,681.54,682.04,681.04,-1.0,6585.0,SPXW_2025-01-03_P_6585,5903.46,20.3854,2025-01-03
PUT,686.54,687.04,686.04,-1.0,6590.0,SPXW_2025-01-03_P_6590,5903.46,20.3854,2025-01-03
PUT,691.54,692.04,691.04,-1.0,6595.0,SPXW_2025-01-03_P_6595,5903.46,20.3854,2025-01-03
PUT,696.54,697.04,696.04,-1.0,6600.0,SPXW_2025-01-03_P_6600,5903.46,20.3854,2025-01-03
PUT,701.54,702.04,701.04,-1.0,6605.0,SPXW_2025-01-03_P_6605,5903.46,20.3854,2025-01-03
PUT,706.54,707.04,706.04,-1.0,6610.0,SPXW_2025-01-03_P_6610,5903.46,20.3854,2025-01-03
PUT,711.54,712.04,711.04,-1.0,6615.0,SPXW_2025-01-03_P_6615,5903.46,20.3854,2025-01-03
PUT,716.54,717.04,716.04,-1.0,6620.0,SPXW_2025-01-03_P_6620,5903.46,20.3854,2025-01-03
PUT,721.54,722.04,721.04,-1.0,6625.0,SPXW_2025-01-03_P_6625,5903.46,20.3854,2025-01-03
PUT,726.54,727.04,726.04,-1.0,6630.0,SPXW_2025-01-03_P_6630,5903.46,20.3854,2025-01-03
PUT,731.54,732.04,731.04,-1.0,6635.0,SPXW_2025-01-03_P_6635,5903.46,20.3854,2025-01-03
PUT,736.54,737.04,736.04,-1.0,6640.0,SPXW_2025-01-03_P_6640,5903.46,20.3854,2025-01-03
PUT,741.54,742.04,741.04,-1.0,6645.0,SPXW_2025-01-03_P_6645,5903.46,20.3854,2025-01-03
PUT,746.54,747.04,746.04,-1.0,6650.0,SPXW_2025-01-03_P_6650,5903.46,20.3854,2025-01-03
PUT,751.54,752.04,751.04,-1.0,6655.0,SPXW_2025-01-03_P_6655,5903.46,20.3854,2025-01-03
PUT,756.54,757.04,756.04,-1.0,6660.0,SPXW_2025-01-03_P_6660,5903.46,20.3854,2025-01-03
PUT,761.54,762.04,761.04,-1.0,6665.0,SPXW_2025-01-03_P_6665,5903.46,20.3854,2025-01-03
PUT,766.54,767.04,766.04,-1.0,6670.0,SPXW_2025-01-03_P_6670,5903.46,20.3854,2025-01-03
PUT,771.54,772.04,771.04,-1.0,6675.0,SPXW_2025-01-03_P_6675,5903.46,20.3854,2025-01-03
PUT,776.54,777.04,776.04,-1.0,6680.0,SPXW_2025-01-03_P_6680,5903.46,20.3854,2025-01-03
PUT,781.54,782.04,781.04,-1.0,6685.0,SPXW_2025-01-03_P_6685,5903.46,20.3854,2025-01-03
PUT,786.54,787.04,786.04,-1.0,6690.0,SPXW_2025-01-03_P_6690,5903.46,20.3854,2025-01-03
PUT,791.54,792.04,791.04,-1.0,6695.0,SPXW_2025-01-03_P_6695,5903.46,20.3854,2025-01-03
PUT,796.54,797.04,796.04,-1.0,6700.0,SPXW_2025-01-03_P_6700,5903.46,20.3854,2025-01-03
PUT,801.54,802.04,801.04,-1.0,6705.0,SPXW_2025-01-03_P_6705,5903.46,20.3854,2025-01-03
PUT,806.54,807.04,806.04,-1.0,6710.0,SPXW_2025-01-03_P_6710,5903.46,20.3854,2025-01-03
PUT,811.54,812.04,811.04,-1.0,6715.0,SPXW_2025-01-03_P_6715,5903.46,20.3854,2025-01-03
PUT,816.54,817.04,816.04,-1.0,6720.0,SPXW_2025-01-03_P_6720,5903.46,20.3854,2025-01-03
PUT,821.54,822.04,821.04,-1.0,6725.0,SPXW_2025-01-03_P_6725,5903.46,20.3854,2025-01-03
PUT,826.54,827.04,826.04,-1.0,6730.0,SPXW_2025-01-03_P_6730,5903.46,20.3854,2025-01-03
PUT,831.54,832.04,831.04,-1.0,6735.0,SPXW_2025-01-03_P_6735,5903.46,20.3854,2025-01-03
PUT,836.54,837.04,836.04,-1.0,6740.0,SPXW_2025-01-03_P_6740,5903.46,20.3854,2025-01-03
PUT,841.54,842.04,841.04,-1.0,6745.0,SPXW_2025-01-03_P_6745,5903.46,20.3854,2025-01-03
PUT,846.54,847.04,846.04,-1.0,6750.0,SPXW_2025-01-03_P_6750,5903.46,20.3854,2025-01-03
PUT,851.54,852.04,851.04,-1.0,6755.0,SPXW_2025-01-03_P_6755,5903.46,20.3854,2025-01-03
PUT,856.54,857.04,856.04,-1.0,6760.0,SPXW_2025-01-03_P_6760,5903.46,20.3854,2025-01-03
PUT,861.54,862.04,861.04,-1.0,6765.0,SPXW_2025-01-03_P_6765,5903.46,20.3854,2025-01-03
PUT,866.54,867.04,866.04,-1.0,6770.0,SPXW_2025-01-03_P_6770,5903.46,20.3854,2025-01-03
PUT,871.54,872.04,871.04,-1.0,6775.0,SPXW_2025-01-03_P_6775,5903.46,20.3854,2025-01-03
PUT,876.54,877.04,876.04,-1.0,6780.0,SPXW_2025-01-03_P_6780,5903.46,20.3854,2025-01-03
PUT,881.54,882.04,881.04,-1.0,6785.0,SPXW_2025-01-03_P_6785,5903.46,20.3854,2025-01-03
PUT,886.54,887.04,886.04,-1.0,6790.0,SPXW_2025-01-03_P_6790,5903.46,20.3854,2025-01-03
PUT,891.54,892.04,891.04,-1.0,6795.0,SPXW_2025-01-03_P_6795,5903.46,20.3854,2025-01-03
PUT,896.54,897.04,896.04,-1.0,6800.0,SPXW_2025-01-03_P_6800,5903.46,20.3854,2025-01-03
PUT,901.54,902.04,901.04,-1.0,6805.0,SPXW_2025-01-03_P_6805,5903.46,20.3854,2025-01-03
PUT,906.54,907.04,906.04,-1.0,6810.0,SPXW_2025-01-03_P_6810,5903.46,20.3854,2025-01-03
PUT,911.54,912.04,911.04,-1.0,6815.0,SPXW_2025-01-03_P_6815,5903.46,20.3854,2025-01-03
PUT,916.54,917.04,916.04,-1.0,6820.0,SPXW_2025-01-03_P_6820,5903.46,20.3854,2025-01-03
PUT,921.54,922.04,921.04,-1.0,6825.0,SPXW_2025-01-03_P_6825,5903.46,20.3854,2025-01-03
PUT,926.54,927.04,926.04,-1.0,6830.0,SPXW_2025-01-03_P_6830,5903.46,20.3854,2025-01-03
PUT,931.54,932.04,931.04,-1.0,6835.0,SPXW_2025-01-03_P_6835,5903.46,20.3854,2025-01-03
PUT,936.54,937.04,936.04,-1.0,6840.0,SPXW_2025-01-03_P_6840,5903.46,20.3854,2025-01-03
PUT,941.54,942.04,941.04,-1.0,6845.0,SPXW_2025-01-03_P_6845,5903.46,20.3854,2025-01-03
PUT,946.54,947.04,946.04,-1.0,6850.0,SPXW_2025-01-03_P_6850,5903.46,20.3854,2025-01-03
PUT,951.54,952.04,951.04,-1.0,6855.0,SPXW_2025-01-03_P_6855,5903.46,20.3854,2025-01-03
PUT,956.54,957.04,956.04,-1.0,6860.0,SPXW_2025-01-03_P_6860,5903.46,20.3854,2025-01-03
PUT,961.54,962.04,961.04,-1.0,6865.0,SPXW_2025-01-03_P_6865,5903.46,20.3854,2025-01-03
PUT,966.54,967.04,966.04,-1.0,6870.0,SPXW_2025-01-03_P_6870,5903.46,20.3854,2025-01-03
PUT,971.54,972.04,971.04,-1.0,6875.0,SPXW_2025-01-03_P_6875,5903.46,20.3854,2025-01-03
PUT,976.54,977.04,976.04,-1.0,6880.0,SPXW_2025-01-03_P_6880,5903.46,20.3854,2025-01-03
PUT,981.54,982.04,981.04,-1.0,6885.0,SPXW_2025-01-03_P_6885,5903.46,20.3854,2025-01-03
PUT,986.54,987.04,986.04,-1.0,6890.0,SPXW_2025-01-03_P_6890,5903.46,20.3854,2025-01-03
PUT,991.54,992.04,991.04,-1.0,6895.0,SPXW_2025-01-03_P_6895,5903.46,20.3854,2025-01-03
PUT,996.54,997.04,996.04,-1.0,6900.0,SPXW_2025-01-03_P_6900,5903.46,20.3854,2025-01-03
PUT,1001.54,1002.04,1001.04,-1.0,6905.0,SPXW_2025-01-03_P_6905,5903.46,20.3854,2025-01-03
PUT,1006.54,1007.04,1006.04,-1.0,6910.0,SPXW_2025-01-03_P_6910,5903.46,20.3854,2025-01-03
PUT,1011.54,1012.04,1011.04,-1.0,6915.0,SPXW_2025-01-03_P_6915,5903.46,20.3854,2025-01-03
PUT,1016.54,1017.04,1016.04,-1.0,6920.0,SPXW_2025-01-03_P_6920,5903.46,20.3854,2025-01-03
PUT,1021.54,1022.04,1021.04,-1.0,6925.0,SPXW_2025-01-03_P_6925,5903.46,20.3854,2025-01-03
PUT,1026.54,1027.04,1026.04,-1.0,6930.0,SPXW_2025-01-03_P_6930,5903.46,20.3854,2025-01-03
PUT,1031.54,1032.04,1031.04,-1.0,6935.0,SPXW_2025-01-03_P_6935,5903.46,20.3854,2025-01-03
PUT,1036.54,1037.04,1036.04,-1.0,6940.0,SPXW_2025-01-03_P_6940,5903.46,20.3854,2025-01-03
PUT,1041.54,1042.04,1041.04,-1.0,6945.0,SPXW_2025-01-03_P_6945,5903.46,20.3854,2025-01-03
PUT,1046.54,1047.04,1046.04,-1.0,6950.0,SPXW_2025-01-03_P_6950,5903.46,20.3854,2025-01-03
PUT,1051.54,1052.04,1051.04,-1.0,6955.0,SPXW_2025-01-03_P_6955,5903.46,20.3854,2025-01-03
PUT,1056.54,1057.04,1056.04,-1.0,6960.0,SPXW_2025-01-03_P_6960,5903.46,20.3854,2025-01-03
PUT,1061.54,1062.04,1061.04,-1.0,6965.0,SPXW_2025-01-03_P_6965,5903.46,20.3854,2025-01-03
PUT,1066.54,1067.04,1066.04,-1.0,6970.0,SPXW_2025-01-03_P_6970,5903.46,20.3854,2025-01-03
PUT,1071.54,1072.04,1071.04,-1.0,6975.0,SPXW_2025-01-03_P_6975,5903.46,20.3854,2025-01-03
PUT,1076.54,1077.04,1076.04,-1.0,6980.0,SPXW_2025-01-03_P_6980,5903.46,20.3854,2025-01-03
PUT,1081.54,1082.04,1081.04,-1.0,6985.0,SPXW_2025-01-03_P_6985,5903.46,20.3854,2025-01-03
PUT,1086.54,1087.04,1086.04,-1.0,6990.0,SPXW_2025-01-03_P_6990,5903.46,20.3854,2025-01-03
PUT,1091.54,1092.04,1091.04,-1.0,6995.0,SPXW_2025-01-03_P_6995,5903.46,20.3854,2025-01-03
PUT,1096.54,1097.04,1096.04,-1.0,7000.0,SPXW_2025-01-03_P_7000,5903.46,20.3854,2025-01-03
PUT,1101.54,1102.04,1101.04,-1.0,7005.0,SPXW_2025-01-03_P_7005,5903.46,20.3854,2025-01-03
PUT,1106.54,1107.04,1106.04,-1.0,7010.0,SPXW_2025-01-03_P_7010,5903.46,20.3854,2025-01-03
PUT,1111.54,1112.04,1111.04,-1.0,7015.0,SPXW_2025-01-03_P_7015,5903.46,20.3854,2025-01-03
PUT,1116.54,1117.04,1116.04,-1.0,7020.0,SPXW_2025-01-03_P_7020,5903.46,20.3854,2025-01-03
PUT,1121.54,1122.04,1121.04,-1.0,7025.0,SPXW_2025-01-03_P_7025,5903.46,20.3854,2025-01-03
PUT,1126.54,1127.04,1126.04,-1.0,7030.0,SPXW_2025-01-03_P_7030,5903.46,20.3854,2025-01-03
PUT,1131.54,1132.04,1131.04,-1.0,7035.0,SPXW_2025-01-03_P_7035,5903.46,20.3854,2025-01-03
PUT,1136.54,1137.04,1136.04,-1.0,7040.0,SPXW_2025-01-03_P_7040,5903.46,20.3854,2025-01-03
PUT,1141.54,1142.04,1141.04,-1.0,7045.0,SPXW_2025-01-03_P_7045,5903.46,20.3854,2025-01-03
PUT,1146.54,1147.04,1146.04,-1.0,7050.0,SPXW_2025-01-03_P_7050,5903.46,20.3854,2025-01-03
PUT,1151.54,1152.04,1151.04,-1.0,7055.0,SPXW_2025-01-03_P_7055,5903.46,20.3854,2025-01-03
PUT,1156.54,1157.04,1156.04,-1.0,7060.0,SPXW_2025-01-03_P_7060,5903.46,20.3854,2025-01-03
PUT,1161.54,1162.04,1161.04,-1.0,7065.0,SPXW_2025-01-03_P_7065,5903.46,20.3854,2025-01-03
PUT,1166.54,1167.04,1166.04,-1.0,7070.0,SPXW_2025-01-03_P_7070,5903.46,20.3854,2025-01-03
PUT,1171.54,1172.04,1171.04,-1.0,7075.0,SPXW_2025-01-03_P_7075,5903.46,20.3854,2025-01-03
PUT,1176.54,1177.04,1176.04,-1.0,7080.0,SPXW_2025-01-03_P_7080,5903.46,20.3854,2025-01-03
PUT,1181.54,1182.04,1181.04,-1.0,7085.0,SPXW_2025-01-03_P_7085,5903.46,20.3854,2025-01-03
